INSERT INTO `cfg_character` (`id`, `name`, `quality`, `attack`, `hero_attack`, `prop_attack`, `hp`, `hero_hp`, `prop_hp`, `hit`, `hero_hit`, `prop_hit`, `dodge`, `hero_dodge`, `prop_dodge`, `speed`, `hero_speed`, `prop_speed`, `n_skill_id`, `skill_id`) VALUES (90001, '主角', 4, 80, 5.00, 20.00, 600, 30.00, 200.00, 20, 3.00, 20.00, 20, 3.00, 20.00, 20, 4.00, 15.00, 0, 1000);
INSERT INTO `cfg_character` (`id`, `name`, `quality`, `attack`, `hero_attack`, `prop_attack`, `hp`, `hero_hp`, `prop_hp`, `hit`, `hero_hit`, `prop_hit`, `dodge`, `hero_dodge`, `prop_dodge`, `speed`, `hero_speed`, `prop_speed`, `n_skill_id`, `skill_id`) VALUES (90002, '主角II', 4, 60, 4.00, 20.00, 600, 40.00, 200.00, 20, 3.00, 15.00, 15, 3.00, 20.00, 15, 3.00, 15.00, 0, 1900);
INSERT INTO `cfg_character` (`id`, `name`, `quality`, `attack`, `hero_attack`, `prop_attack`, `hp`, `hero_hp`, `prop_hp`, `hit`, `hero_hit`, `prop_hit`, `dodge`, `hero_dodge`, `prop_dodge`, `speed`, `hero_speed`, `prop_speed`, `n_skill_id`, `skill_id`) VALUES (90003, '主角III', 4, 100, 5.00, 20.00, 600, 30.00, 200.00, 15, 4.00, 15.00, 15, 3.00, 20.00, 15, 4.00, 15.00, 0, 1300);



INSERT INTO `cfg_checkpoint` (`id`, `point`, `name`, `exp`, `gold`, `boss`, `min_ts`, `amount`, `item1`, `num1`, `item2`, `num2`, `item3`, `num3`, `item4`, `num4`, `item5`, `num5`) VALUES (1001, 1001, '1-1 樱花道1', 5, 5, 10001, 60, 10, 100000, 100, 200000, 100, 400000, 1, 600100, 1, 0, 0);
INSERT INTO `cfg_checkpoint` (`id`, `point`, `name`, `exp`, `gold`, `boss`, `min_ts`, `amount`, `item1`, `num1`, `item2`, `num2`, `item3`, `num3`, `item4`, `num4`, `item5`, `num5`) VALUES (1002, 1002, '1-2 樱花道2', 5, 5, 10002, 60, 10, 100000, 200, 200000, 200, 400000, 1, 600101, 1, 0, 0);
INSERT INTO `cfg_checkpoint` (`id`, `point`, `name`, `exp`, `gold`, `boss`, `min_ts`, `amount`, `item1`, `num1`, `item2`, `num2`, `item3`, `num3`, `item4`, `num4`, `item5`, `num5`) VALUES (1003, 1003, '1-3 樱花道3', 5, 5, 10003, 60, 10, 100000, 300, 200000, 300, 400000, 1, 600102, 1, 0, 0);
INSERT INTO `cfg_checkpoint` (`id`, `point`, `name`, `exp`, `gold`, `boss`, `min_ts`, `amount`, `item1`, `num1`, `item2`, `num2`, `item3`, `num3`, `item4`, `num4`, `item5`, `num5`) VALUES (1004, 1004, '1-4 樱花道4', 5, 5, 10004, 60, 10, 100000, 400, 200000, 400, 400000, 1, 600103, 1, 0, 0);
INSERT INTO `cfg_checkpoint` (`id`, `point`, `name`, `exp`, `gold`, `boss`, `min_ts`, `amount`, `item1`, `num1`, `item2`, `num2`, `item3`, `num3`, `item4`, `num4`, `item5`, `num5`) VALUES (1005, 1005, '1-5 樱花道5', 5, 5, 10005, 60, 10, 100000, 500, 200000, 500, 400000, 1, 600200, 1, 0, 0);
INSERT INTO `cfg_checkpoint` (`id`, `point`, `name`, `exp`, `gold`, `boss`, `min_ts`, `amount`, `item1`, `num1`, `item2`, `num2`, `item3`, `num3`, `item4`, `num4`, `item5`, `num5`) VALUES (1006, 1006, '1-6 樱花道6', 5, 5, 10006, 60, 10, 100000, 600, 200000, 600, 400000, 1, 600201, 1, 0, 0);
INSERT INTO `cfg_checkpoint` (`id`, `point`, `name`, `exp`, `gold`, `boss`, `min_ts`, `amount`, `item1`, `num1`, `item2`, `num2`, `item3`, `num3`, `item4`, `num4`, `item5`, `num5`) VALUES (1007, 1007, '1-7 樱花道7', 5, 5, 10007, 60, 10, 100000, 700, 200000, 700, 400000, 1, 600202, 1, 0, 0);
INSERT INTO `cfg_checkpoint` (`id`, `point`, `name`, `exp`, `gold`, `boss`, `min_ts`, `amount`, `item1`, `num1`, `item2`, `num2`, `item3`, `num3`, `item4`, `num4`, `item5`, `num5`) VALUES (1008, 1008, '1-8 樱花道8', 5, 5, 10008, 60, 10, 100000, 800, 200000, 800, 400000, 1, 600203, 1, 0, 0);
INSERT INTO `cfg_checkpoint` (`id`, `point`, `name`, `exp`, `gold`, `boss`, `min_ts`, `amount`, `item1`, `num1`, `item2`, `num2`, `item3`, `num3`, `item4`, `num4`, `item5`, `num5`) VALUES (1009, 1009, '1-9 樱花道9', 5, 5, 10009, 60, 10, 100000, 900, 200000, 900, 400000, 1, 600300, 1, 0, 0);
INSERT INTO `cfg_checkpoint` (`id`, `point`, `name`, `exp`, `gold`, `boss`, `min_ts`, `amount`, `item1`, `num1`, `item2`, `num2`, `item3`, `num3`, `item4`, `num4`, `item5`, `num5`) VALUES (1010, 1010, '1-10 樱花道10', 5, 5, 10010, 60, 10, 100000, 1000, 200000, 1000, 400000, 1, 600301, 1, 0, 0);
INSERT INTO `cfg_checkpoint` (`id`, `point`, `name`, `exp`, `gold`, `boss`, `min_ts`, `amount`, `item1`, `num1`, `item2`, `num2`, `item3`, `num3`, `item4`, `num4`, `item5`, `num5`) VALUES (1101, 1011, '2-1 枫叶林1', 10, 10, 11001, 60, 10, 100000, 1100, 200000, 1100, 400000, 1, 600302, 1, 0, 0);
INSERT INTO `cfg_checkpoint` (`id`, `point`, `name`, `exp`, `gold`, `boss`, `min_ts`, `amount`, `item1`, `num1`, `item2`, `num2`, `item3`, `num3`, `item4`, `num4`, `item5`, `num5`) VALUES (1102, 1012, '2-2 枫叶林2', 10, 10, 11002, 60, 10, 100000, 1200, 200000, 1200, 400000, 1, 600303, 1, 0, 0);
INSERT INTO `cfg_checkpoint` (`id`, `point`, `name`, `exp`, `gold`, `boss`, `min_ts`, `amount`, `item1`, `num1`, `item2`, `num2`, `item3`, `num3`, `item4`, `num4`, `item5`, `num5`) VALUES (1103, 1013, '2-3 枫叶林3', 10, 10, 11003, 60, 10, 100000, 1300, 200000, 1300, 400000, 1, 600100, 1, 0, 0);
INSERT INTO `cfg_checkpoint` (`id`, `point`, `name`, `exp`, `gold`, `boss`, `min_ts`, `amount`, `item1`, `num1`, `item2`, `num2`, `item3`, `num3`, `item4`, `num4`, `item5`, `num5`) VALUES (1104, 1014, '2-4 枫叶林4', 10, 10, 11004, 60, 10, 100000, 1400, 200000, 1400, 400000, 1, 600101, 1, 0, 0);
INSERT INTO `cfg_checkpoint` (`id`, `point`, `name`, `exp`, `gold`, `boss`, `min_ts`, `amount`, `item1`, `num1`, `item2`, `num2`, `item3`, `num3`, `item4`, `num4`, `item5`, `num5`) VALUES (1105, 1015, '2-5 枫叶林5', 10, 10, 11005, 60, 10, 100000, 1500, 200000, 1500, 400000, 1, 600102, 1, 0, 0);
INSERT INTO `cfg_checkpoint` (`id`, `point`, `name`, `exp`, `gold`, `boss`, `min_ts`, `amount`, `item1`, `num1`, `item2`, `num2`, `item3`, `num3`, `item4`, `num4`, `item5`, `num5`) VALUES (1106, 1016, '2-6 枫叶林6', 10, 10, 11006, 60, 10, 100000, 1600, 200000, 1600, 400000, 1, 600103, 1, 0, 0);
INSERT INTO `cfg_checkpoint` (`id`, `point`, `name`, `exp`, `gold`, `boss`, `min_ts`, `amount`, `item1`, `num1`, `item2`, `num2`, `item3`, `num3`, `item4`, `num4`, `item5`, `num5`) VALUES (1107, 1017, '2-7 枫叶林7', 10, 10, 11007, 60, 10, 100000, 1700, 200000, 1700, 400000, 1, 600200, 1, 0, 0);
INSERT INTO `cfg_checkpoint` (`id`, `point`, `name`, `exp`, `gold`, `boss`, `min_ts`, `amount`, `item1`, `num1`, `item2`, `num2`, `item3`, `num3`, `item4`, `num4`, `item5`, `num5`) VALUES (1108, 1018, '2-8 枫叶林8', 10, 10, 11008, 60, 10, 100000, 1800, 200000, 1800, 400000, 1, 600201, 1, 0, 0);
INSERT INTO `cfg_checkpoint` (`id`, `point`, `name`, `exp`, `gold`, `boss`, `min_ts`, `amount`, `item1`, `num1`, `item2`, `num2`, `item3`, `num3`, `item4`, `num4`, `item5`, `num5`) VALUES (1109, 1019, '2-9 枫叶林9', 10, 10, 11009, 60, 10, 100000, 1900, 200000, 1900, 400000, 1, 600202, 1, 0, 0);
INSERT INTO `cfg_checkpoint` (`id`, `point`, `name`, `exp`, `gold`, `boss`, `min_ts`, `amount`, `item1`, `num1`, `item2`, `num2`, `item3`, `num3`, `item4`, `num4`, `item5`, `num5`) VALUES (1110, 1020, '2-10 枫叶林10', 10, 10, 11010, 60, 10, 100000, 2000, 200000, 2000, 400000, 1, 600203, 1, 0, 0);


INSERT INTO `cfg_goblin` (`id`, `point`, `bean`, `time`, `maxHp`, `item1`, `prob1`, `item2`, `prob2`, `item3`, `prob3`, `item4`, `prob4`, `item5`, `prob5`, `exp`, `gold`) VALUES (10001, 1001, 10, 5, 100, 500100, 0.2000, 510100, 0.2000, 0, 0.2000, 520100, 0.2000, 0, 0, 100, 100);
INSERT INTO `cfg_goblin` (`id`, `point`, `bean`, `time`, `maxHp`, `item1`, `prob1`, `item2`, `prob2`, `item3`, `prob3`, `item4`, `prob4`, `item5`, `prob5`, `exp`, `gold`) VALUES (10002, 1002, 20, 5, 200, 500101, 0.2000, 510101, 0.2000, 0, 0.2000, 520101, 0.2000, 0, 0, 200, 200);
INSERT INTO `cfg_goblin` (`id`, `point`, `bean`, `time`, `maxHp`, `item1`, `prob1`, `item2`, `prob2`, `item3`, `prob3`, `item4`, `prob4`, `item5`, `prob5`, `exp`, `gold`) VALUES (10003, 1003, 30, 5, 300, 500102, 0.2000, 510102, 0.2000, 0, 0.2000, 520102, 0.2000, 0, 0, 300, 300);
INSERT INTO `cfg_goblin` (`id`, `point`, `bean`, `time`, `maxHp`, `item1`, `prob1`, `item2`, `prob2`, `item3`, `prob3`, `item4`, `prob4`, `item5`, `prob5`, `exp`, `gold`) VALUES (10004, 1004, 40, 5, 400, 500103, 0.2000, 510103, 0.2000, 0, 0.2000, 520103, 0.2000, 0, 0, 400, 400);
INSERT INTO `cfg_goblin` (`id`, `point`, `bean`, `time`, `maxHp`, `item1`, `prob1`, `item2`, `prob2`, `item3`, `prob3`, `item4`, `prob4`, `item5`, `prob5`, `exp`, `gold`) VALUES (10005, 1005, 50, 5, 500, 610000, 0.2000, 610100, 0.2000, 0, 0.2000, 610200, 0.2000, 0, 0, 500, 500);


INSERT INTO `cfg_hero` (`id`, `name`, `quality`, `attack`, `hp`, `hit`, `dodge`, `speed`, `hero_attack`, `hero_hp`, `hero_hit`, `hero_dodge`, `hero_speed`, `prop_attack`, `prop_hp`, `prop_hit`, `prop_dodge`, `prop_speed`, `skill_id`) VALUES (50001,'真·茨木童子',5,80,600,20,20,20,5,30,3,3,4,20,200,20,20,15,1800);
INSERT INTO `cfg_hero` (`id`, `name`, `quality`, `attack`, `hp`, `hit`, `dodge`, `speed`, `hero_attack`, `hero_hp`, `hero_hit`, `hero_dodge`, `hero_speed`, `prop_attack`, `prop_hp`, `prop_hit`, `prop_dodge`, `prop_speed`, `skill_id`) VALUES (50002,'真·大天狗',5,80,800,20,15,15,5,40,3,4,4,20,150,15,15,15,1000);
INSERT INTO `cfg_hero` (`id`, `name`, `quality`, `attack`, `hp`, `hit`, `dodge`, `speed`, `hero_attack`, `hero_hp`, `hero_hit`, `hero_dodge`, `hero_speed`, `prop_attack`, `prop_hp`, `prop_hit`, `prop_dodge`, `prop_speed`, `skill_id`) VALUES (50003,'真·妖刀姬',5,100,600,20,15,20,5,40,3,4,3,20,150,20,15,20,1800);
INSERT INTO `cfg_hero` (`id`, `name`, `quality`, `attack`, `hp`, `hit`, `dodge`, `speed`, `hero_attack`, `hero_hp`, `hero_hit`, `hero_dodge`, `hero_speed`, `prop_attack`, `prop_hp`, `prop_hit`, `prop_dodge`, `prop_speed`, `skill_id`) VALUES (50004,'真·酒吞童子',5,100,600,20,20,20,4,40,3,4,3,25,150,20,15,20,1100);
INSERT INTO `cfg_hero` (`id`, `name`, `quality`, `attack`, `hp`, `hit`, `dodge`, `speed`, `hero_attack`, `hero_hp`, `hero_hit`, `hero_dodge`, `hero_speed`, `prop_attack`, `prop_hp`, `prop_hit`, `prop_dodge`, `prop_speed`, `skill_id`) VALUES (50005,'真·荒川之主',5,80,800,20,15,15,5,40,3,4,4,20,150,15,15,20,1100);
INSERT INTO `cfg_hero` (`id`, `name`, `quality`, `attack`, `hp`, `hit`, `dodge`, `speed`, `hero_attack`, `hero_hp`, `hero_hit`, `hero_dodge`, `hero_speed`, `prop_attack`, `prop_hp`, `prop_hit`, `prop_dodge`, `prop_speed`, `skill_id`) VALUES (50006,'真·荒',5,100,600,15,15,15,5,30,4,3,4,20,200,15,20,15,1800);
INSERT INTO `cfg_hero` (`id`, `name`, `quality`, `attack`, `hp`, `hit`, `dodge`, `speed`, `hero_attack`, `hero_hp`, `hero_hit`, `hero_dodge`, `hero_speed`, `prop_attack`, `prop_hp`, `prop_hit`, `prop_dodge`, `prop_speed`, `skill_id`) VALUES (40001,'茨木童子',4,80,600,20,20,20,5,30,3,3,4,20,200,20,20,15,1800);
INSERT INTO `cfg_hero` (`id`, `name`, `quality`, `attack`, `hp`, `hit`, `dodge`, `speed`, `hero_attack`, `hero_hp`, `hero_hit`, `hero_dodge`, `hero_speed`, `prop_attack`, `prop_hp`, `prop_hit`, `prop_dodge`, `prop_speed`, `skill_id`) VALUES (40002,'两面佛',4,60,600,20,15,15,4,40,3,3,3,20,200,15,20,15,1000);
INSERT INTO `cfg_hero` (`id`, `name`, `quality`, `attack`, `hp`, `hit`, `dodge`, `speed`, `hero_attack`, `hero_hp`, `hero_hit`, `hero_dodge`, `hero_speed`, `prop_attack`, `prop_hp`, `prop_hit`, `prop_dodge`, `prop_speed`, `skill_id`) VALUES (40003,'荒',4,100,600,15,15,15,5,30,4,3,4,20,200,15,20,15,1800);
INSERT INTO `cfg_hero` (`id`, `name`, `quality`, `attack`, `hp`, `hit`, `dodge`, `speed`, `hero_attack`, `hero_hp`, `hero_hit`, `hero_dodge`, `hero_speed`, `prop_attack`, `prop_hp`, `prop_hit`, `prop_dodge`, `prop_speed`, `skill_id`) VALUES (40004,'阎魔',4,80,600,15,15,15,3,40,4,5,4,15,200,20,15,20,1200);
INSERT INTO `cfg_hero` (`id`, `name`, `quality`, `attack`, `hp`, `hit`, `dodge`, `speed`, `hero_attack`, `hero_hp`, `hero_hit`, `hero_dodge`, `hero_speed`, `prop_attack`, `prop_hp`, `prop_hit`, `prop_dodge`, `prop_speed`, `skill_id`) VALUES (40005,'大天狗',4,80,800,20,15,15,5,40,3,4,4,20,150,15,15,15,1000);
INSERT INTO `cfg_hero` (`id`, `name`, `quality`, `attack`, `hp`, `hit`, `dodge`, `speed`, `hero_attack`, `hero_hp`, `hero_hit`, `hero_dodge`, `hero_speed`, `prop_attack`, `prop_hp`, `prop_hit`, `prop_dodge`, `prop_speed`, `skill_id`) VALUES (40006,'一目连',4,60,800,15,20,20,3,30,4,5,4,20,200,25,20,25,5300);
INSERT INTO `cfg_hero` (`id`, `name`, `quality`, `attack`, `hp`, `hit`, `dodge`, `speed`, `hero_attack`, `hero_hp`, `hero_hit`, `hero_dodge`, `hero_speed`, `prop_attack`, `prop_hp`, `prop_hit`, `prop_dodge`, `prop_speed`, `skill_id`) VALUES (40007,'酒吞童子',4,100,600,20,20,20,4,40,3,4,3,25,150,20,15,20,1800);
INSERT INTO `cfg_hero` (`id`, `name`, `quality`, `attack`, `hp`, `hit`, `dodge`, `speed`, `hero_attack`, `hero_hp`, `hero_hit`, `hero_dodge`, `hero_speed`, `prop_attack`, `prop_hp`, `prop_hit`, `prop_dodge`, `prop_speed`, `skill_id`) VALUES (40008,'荒川之主',4,80,800,20,15,15,5,40,3,4,4,20,150,15,15,20,1800);
INSERT INTO `cfg_hero` (`id`, `name`, `quality`, `attack`, `hp`, `hit`, `dodge`, `speed`, `hero_attack`, `hero_hp`, `hero_hit`, `hero_dodge`, `hero_speed`, `prop_attack`, `prop_hp`, `prop_hit`, `prop_dodge`, `prop_speed`, `skill_id`) VALUES (40009,'彼岸花',4,60,600,15,25,20,3,40,4,4,3,20,200,15,15,20,5100);
INSERT INTO `cfg_hero` (`id`, `name`, `quality`, `attack`, `hp`, `hit`, `dodge`, `speed`, `hero_attack`, `hero_hp`, `hero_hit`, `hero_dodge`, `hero_speed`, `prop_attack`, `prop_hp`, `prop_hit`, `prop_dodge`, `prop_speed`, `skill_id`) VALUES (40010,'辉夜姬',4,60,600,25,15,20,3,40,4,5,4,15,200,15,20,25,1000);
INSERT INTO `cfg_hero` (`id`, `name`, `quality`, `attack`, `hp`, `hit`, `dodge`, `speed`, `hero_attack`, `hero_hp`, `hero_hit`, `hero_dodge`, `hero_speed`, `prop_attack`, `prop_hp`, `prop_hit`, `prop_dodge`, `prop_speed`, `skill_id`) VALUES (40011,'妖刀姬',5,100,600,20,15,20,5,40,3,4,3,20,150,20,15,20,1800);
INSERT INTO `cfg_hero` (`id`, `name`, `quality`, `attack`, `hp`, `hit`, `dodge`, `speed`, `hero_attack`, `hero_hp`, `hero_hit`, `hero_dodge`, `hero_speed`, `prop_attack`, `prop_hp`, `prop_hit`, `prop_dodge`, `prop_speed`, `skill_id`) VALUES (40012,'花鸟卷',4,60,800,20,15,15,3,50,3,3,3,15,200,15,20,20,1900);
INSERT INTO `cfg_hero` (`id`, `name`, `quality`, `attack`, `hp`, `hit`, `dodge`, `speed`, `hero_attack`, `hero_hp`, `hero_hit`, `hero_dodge`, `hero_speed`, `prop_attack`, `prop_hp`, `prop_hit`, `prop_dodge`, `prop_speed`, `skill_id`) VALUES (40013,'青行灯',4,80,600,15,20,15,4,40,4,4,3,15,200,15,20,20,5500);
INSERT INTO `cfg_hero` (`id`, `name`, `quality`, `attack`, `hp`, `hit`, `dodge`, `speed`, `hero_attack`, `hero_hp`, `hero_hit`, `hero_dodge`, `hero_speed`, `prop_attack`, `prop_hp`, `prop_hit`, `prop_dodge`, `prop_speed`, `skill_id`) VALUES (40014,'小鹿男',4,60,600,25,20,25,3,40,4,4,4,20,150,25,25,20,5200);
INSERT INTO `cfg_hero` (`id`, `name`, `quality`, `attack`, `hp`, `hit`, `dodge`, `speed`, `hero_attack`, `hero_hp`, `hero_hit`, `hero_dodge`, `hero_speed`, `prop_attack`, `prop_hp`, `prop_hit`, `prop_dodge`, `prop_speed`, `skill_id`) VALUES (30001,'络新妇',3,60,600,15,20,15,4,30,3,3,3,15,150,20,20,15,1000);
INSERT INTO `cfg_hero` (`id`, `name`, `quality`, `attack`, `hp`, `hit`, `dodge`, `speed`, `hero_attack`, `hero_hp`, `hero_hit`, `hero_dodge`, `hero_speed`, `prop_attack`, `prop_hp`, `prop_hit`, `prop_dodge`, `prop_speed`, `skill_id`) VALUES (30002,'烟烟罗',3,60,600,20,10,20,3,30,2,3,3,20,150,20,15,10,1100);
INSERT INTO `cfg_hero` (`id`, `name`, `quality`, `attack`, `hp`, `hit`, `dodge`, `speed`, `hero_attack`, `hero_hp`, `hero_hit`, `hero_dodge`, `hero_speed`, `prop_attack`, `prop_hp`, `prop_hit`, `prop_dodge`, `prop_speed`, `skill_id`) VALUES (30003,'匣中少女',3,60,600,20,20,20,3,30,3,4,4,15,150,20,15,20,5200);
INSERT INTO `cfg_hero` (`id`, `name`, `quality`, `attack`, `hp`, `hit`, `dodge`, `speed`, `hero_attack`, `hero_hp`, `hero_hit`, `hero_dodge`, `hero_speed`, `prop_attack`, `prop_hp`, `prop_hit`, `prop_dodge`, `prop_speed`, `skill_id`) VALUES (30004,'以津真天',3,60,600,15,15,15,4,30,3,4,3,20,150,20,15,15,1000);
INSERT INTO `cfg_hero` (`id`, `name`, `quality`, `attack`, `hp`, `hit`, `dodge`, `speed`, `hero_attack`, `hero_hp`, `hero_hit`, `hero_dodge`, `hero_speed`, `prop_attack`, `prop_hp`, `prop_hit`, `prop_dodge`, `prop_speed`, `skill_id`) VALUES (30005,'鸠',3,60,600,15,15,15,4,30,3,3,4,20,150,20,15,15,1100);
INSERT INTO `cfg_hero` (`id`, `name`, `quality`, `attack`, `hp`, `hit`, `dodge`, `speed`, `hero_attack`, `hero_hp`, `hero_hit`, `hero_dodge`, `hero_speed`, `prop_attack`, `prop_hp`, `prop_hit`, `prop_dodge`, `prop_speed`, `skill_id`) VALUES (30006,'镰鼬',3,80,800,10,20,15,3,30,3,4,3,15,150,10,15,15,5500);
INSERT INTO `cfg_hero` (`id`, `name`, `quality`, `attack`, `hp`, `hit`, `dodge`, `speed`, `hero_attack`, `hero_hp`, `hero_hit`, `hero_dodge`, `hero_speed`, `prop_attack`, `prop_hp`, `prop_hit`, `prop_dodge`, `prop_speed`, `skill_id`) VALUES (30007,'白狼',3,80,800,20,20,15,4,30,3,3,4,15,150,15,15,15,1800);
INSERT INTO `cfg_hero` (`id`, `name`, `quality`, `attack`, `hp`, `hit`, `dodge`, `speed`, `hero_attack`, `hero_hp`, `hero_hit`, `hero_dodge`, `hero_speed`, `prop_attack`, `prop_hp`, `prop_hit`, `prop_dodge`, `prop_speed`, `skill_id`) VALUES (30008,'犬神',3,80,800,15,10,15,3,30,3,3,4,20,150,20,20,15,1000);
INSERT INTO `cfg_hero` (`id`, `name`, `quality`, `attack`, `hp`, `hit`, `dodge`, `speed`, `hero_attack`, `hero_hp`, `hero_hit`, `hero_dodge`, `hero_speed`, `prop_attack`, `prop_hp`, `prop_hit`, `prop_dodge`, `prop_speed`, `skill_id`) VALUES (30009,'樱花妖',3,60,800,15,20,15,3,40,3,3,3,15,150,20,15,15,1900);
INSERT INTO `cfg_hero` (`id`, `name`, `quality`, `attack`, `hp`, `hit`, `dodge`, `speed`, `hero_attack`, `hero_hp`, `hero_hit`, `hero_dodge`, `hero_speed`, `prop_attack`, `prop_hp`, `prop_hit`, `prop_dodge`, `prop_speed`, `skill_id`) VALUES (30010,'般若',3,60,600,20,15,15,3,30,3,4,3,20,150,15,15,20,1300);
INSERT INTO `cfg_hero` (`id`, `name`, `quality`, `attack`, `hp`, `hit`, `dodge`, `speed`, `hero_attack`, `hero_hp`, `hero_hit`, `hero_dodge`, `hero_speed`, `prop_attack`, `prop_hp`, `prop_hit`, `prop_dodge`, `prop_speed`, `skill_id`) VALUES (30011,'雪女',3,60,800,20,15,20,3,30,4,4,4,15,150,15,15,20,1300);
INSERT INTO `cfg_hero` (`id`, `name`, `quality`, `attack`, `hp`, `hit`, `dodge`, `speed`, `hero_attack`, `hero_hp`, `hero_hit`, `hero_dodge`, `hero_speed`, `prop_attack`, `prop_hp`, `prop_hit`, `prop_dodge`, `prop_speed`, `skill_id`) VALUES (30012,'惠比寿',3,40,800,15,15,20,3,40,3,4,3,15,150,10,15,15,1600);
INSERT INTO `cfg_hero` (`id`, `name`, `quality`, `attack`, `hp`, `hit`, `dodge`, `speed`, `hero_attack`, `hero_hp`, `hero_hit`, `hero_dodge`, `hero_speed`, `prop_attack`, `prop_hp`, `prop_hit`, `prop_dodge`, `prop_speed`, `skill_id`) VALUES (30013,'姑获鸟',3,60,800,20,15,20,4,30,3,4,4,15,150,15,15,15,1800);
INSERT INTO `cfg_hero` (`id`, `name`, `quality`, `attack`, `hp`, `hit`, `dodge`, `speed`, `hero_attack`, `hero_hp`, `hero_hit`, `hero_dodge`, `hero_speed`, `prop_attack`, `prop_hp`, `prop_hit`, `prop_dodge`, `prop_speed`, `skill_id`) VALUES (30014,'判官',3,60,800,20,20,15,3,30,3,2,3,20,150,10,15,20,1100);
INSERT INTO `cfg_hero` (`id`, `name`, `quality`, `attack`, `hp`, `hit`, `dodge`, `speed`, `hero_attack`, `hero_hp`, `hero_hit`, `hero_dodge`, `hero_speed`, `prop_attack`, `prop_hp`, `prop_hit`, `prop_dodge`, `prop_speed`, `skill_id`) VALUES (30015,'夜叉',3,60,600,20,15,20,4,30,3,4,3,15,150,15,15,15,1000);
INSERT INTO `cfg_hero` (`id`, `name`, `quality`, `attack`, `hp`, `hit`, `dodge`, `speed`, `hero_attack`, `hero_hp`, `hero_hit`, `hero_dodge`, `hero_speed`, `prop_attack`, `prop_hp`, `prop_hit`, `prop_dodge`, `prop_speed`, `skill_id`) VALUES (30016,'妖琴师',3,60,800,20,20,15,3,30,3,4,4,15,150,15,20,20,5100);
INSERT INTO `cfg_hero` (`id`, `name`, `quality`, `attack`, `hp`, `hit`, `dodge`, `speed`, `hero_attack`, `hero_hp`, `hero_hit`, `hero_dodge`, `hero_speed`, `prop_attack`, `prop_hp`, `prop_hit`, `prop_dodge`, `prop_speed`, `skill_id`) VALUES (30017,'凤凰火',3,60,600,15,15,20,3,30,3,4,3,15,150,15,15,15,1200);
INSERT INTO `cfg_hero` (`id`, `name`, `quality`, `attack`, `hp`, `hit`, `dodge`, `speed`, `hero_attack`, `hero_hp`, `hero_hit`, `hero_dodge`, `hero_speed`, `prop_attack`, `prop_hp`, `prop_hit`, `prop_dodge`, `prop_speed`, `skill_id`) VALUES (30018,'骨女',3,60,600,20,15,20,4,30,3,4,2,20,150,15,10,10,1100);
INSERT INTO `cfg_hero` (`id`, `name`, `quality`, `attack`, `hp`, `hit`, `dodge`, `speed`, `hero_attack`, `hero_hp`, `hero_hit`, `hero_dodge`, `hero_speed`, `prop_attack`, `prop_hp`, `prop_hit`, `prop_dodge`, `prop_speed`, `skill_id`) VALUES (30019,'青坊主',3,60,800,15,20,20,3,30,3,3,3,15,150,15,20,20,5300);
INSERT INTO `cfg_hero` (`id`, `name`, `quality`, `attack`, `hp`, `hit`, `dodge`, `speed`, `hero_attack`, `hero_hp`, `hero_hit`, `hero_dodge`, `hero_speed`, `prop_attack`, `prop_hp`, `prop_hit`, `prop_dodge`, `prop_speed`, `skill_id`) VALUES (30020,'食梦貘',3,60,600,15,20,15,3,30,3,4,3,15,150,20,15,20,1300);
INSERT INTO `cfg_hero` (`id`, `name`, `quality`, `attack`, `hp`, `hit`, `dodge`, `speed`, `hero_attack`, `hero_hp`, `hero_hit`, `hero_dodge`, `hero_speed`, `prop_attack`, `prop_hp`, `prop_hit`, `prop_dodge`, `prop_speed`, `skill_id`) VALUES (30021,'傀儡师',3,60,600,15,15,15,4,30,3,4,4,15,150,20,15,15,1000);
INSERT INTO `cfg_hero` (`id`, `name`, `quality`, `attack`, `hp`, `hit`, `dodge`, `speed`, `hero_attack`, `hero_hp`, `hero_hit`, `hero_dodge`, `hero_speed`, `prop_attack`, `prop_hp`, `prop_hit`, `prop_dodge`, `prop_speed`, `skill_id`) VALUES (30022,'鬼使黑',3,60,600,20,15,15,4,30,4,3,4,15,150,15,20,15,1000);
INSERT INTO `cfg_hero` (`id`, `name`, `quality`, `attack`, `hp`, `hit`, `dodge`, `speed`, `hero_attack`, `hero_hp`, `hero_hit`, `hero_dodge`, `hero_speed`, `prop_attack`, `prop_hp`, `prop_hit`, `prop_dodge`, `prop_speed`, `skill_id`) VALUES (30023,'鬼使白',3,60,800,15,20,20,3,30,3,3,3,20,150,20,15,20,1000);
INSERT INTO `cfg_hero` (`id`, `name`, `quality`, `attack`, `hp`, `hit`, `dodge`, `speed`, `hero_attack`, `hero_hp`, `hero_hit`, `hero_dodge`, `hero_speed`, `prop_attack`, `prop_hp`, `prop_hit`, `prop_dodge`, `prop_speed`, `skill_id`) VALUES (30024,'金鱼姬',3,40,600,20,10,20,3,30,3,3,4,15,150,10,20,15,1300);
INSERT INTO `cfg_hero` (`id`, `name`, `quality`, `attack`, `hp`, `hit`, `dodge`, `speed`, `hero_attack`, `hero_hp`, `hero_hit`, `hero_dodge`, `hero_speed`, `prop_attack`, `prop_hp`, `prop_hit`, `prop_dodge`, `prop_speed`, `skill_id`) VALUES (30025,'万年竹',3,60,800,15,20,20,4,30,3,3,3,15,150,15,20,15,1400);
INSERT INTO `cfg_hero` (`id`, `name`, `quality`, `attack`, `hp`, `hit`, `dodge`, `speed`, `hero_attack`, `hero_hp`, `hero_hit`, `hero_dodge`, `hero_speed`, `prop_attack`, `prop_hp`, `prop_hit`, `prop_dodge`, `prop_speed`, `skill_id`) VALUES (30026,'白童子',3,60,400,15,10,20,4,30,4,3,3,15,150,15,20,15,1000);
INSERT INTO `cfg_hero` (`id`, `name`, `quality`, `attack`, `hp`, `hit`, `dodge`, `speed`, `hero_attack`, `hero_hp`, `hero_hit`, `hero_dodge`, `hero_speed`, `prop_attack`, `prop_hp`, `prop_hit`, `prop_dodge`, `prop_speed`, `skill_id`) VALUES (30027,'二口女',3,60,600,15,20,15,4,30,3,3,4,15,150,10,15,15,1000);
INSERT INTO `cfg_hero` (`id`, `name`, `quality`, `attack`, `hp`, `hit`, `dodge`, `speed`, `hero_attack`, `hero_hp`, `hero_hit`, `hero_dodge`, `hero_speed`, `prop_attack`, `prop_hp`, `prop_hit`, `prop_dodge`, `prop_speed`, `skill_id`) VALUES (30028,'鬼女红叶',3,80,400,15,15,15,4,30,3,4,3,15,150,20,15,15,1100);
INSERT INTO `cfg_hero` (`id`, `name`, `quality`, `attack`, `hp`, `hit`, `dodge`, `speed`, `hero_attack`, `hero_hp`, `hero_hit`, `hero_dodge`, `hero_speed`, `prop_attack`, `prop_hp`, `prop_hit`, `prop_dodge`, `prop_speed`, `skill_id`) VALUES (30029,'海坊主',3,60,600,15,15,15,3,30,3,4,3,20,150,20,15,15,1100);
INSERT INTO `cfg_hero` (`id`, `name`, `quality`, `attack`, `hp`, `hit`, `dodge`, `speed`, `hero_attack`, `hero_hp`, `hero_hit`, `hero_dodge`, `hero_speed`, `prop_attack`, `prop_hp`, `prop_hit`, `prop_dodge`, `prop_speed`, `skill_id`) VALUES (30030,'妖狐',3,80,600,15,20,15,4,30,3,3,3,15,150,20,15,20,1800);
INSERT INTO `cfg_hero` (`id`, `name`, `quality`, `attack`, `hp`, `hit`, `dodge`, `speed`, `hero_attack`, `hero_hp`, `hero_hit`, `hero_dodge`, `hero_speed`, `prop_attack`, `prop_hp`, `prop_hit`, `prop_dodge`, `prop_speed`, `skill_id`) VALUES (30031,'孟婆',3,80,600,15,20,15,3,30,3,3,4,15,200,20,15,15,1200);
INSERT INTO `cfg_hero` (`id`, `name`, `quality`, `attack`, `hp`, `hit`, `dodge`, `speed`, `hero_attack`, `hero_hp`, `hero_hit`, `hero_dodge`, `hero_speed`, `prop_attack`, `prop_hp`, `prop_hit`, `prop_dodge`, `prop_speed`, `skill_id`) VALUES (30032,'跳跳哥哥',3,80,400,20,20,15,3,30,3,3,4,15,200,20,15,15,5400);
INSERT INTO `cfg_hero` (`id`, `name`, `quality`, `attack`, `hp`, `hit`, `dodge`, `speed`, `hero_attack`, `hero_hp`, `hero_hit`, `hero_dodge`, `hero_speed`, `prop_attack`, `prop_hp`, `prop_hit`, `prop_dodge`, `prop_speed`, `skill_id`) VALUES (30033,'黑童子',3,60,600,15,15,15,3,30,3,3,3,20,150,20,15,15,1000);
INSERT INTO `cfg_hero` (`id`, `name`, `quality`, `attack`, `hp`, `hit`, `dodge`, `speed`, `hero_attack`, `hero_hp`, `hero_hit`, `hero_dodge`, `hero_speed`, `prop_attack`, `prop_hp`, `prop_hit`, `prop_dodge`, `prop_speed`, `skill_id`) VALUES (30034,'清姬',3,60,600,15,10,15,3,30,4,4,4,20,150,10,15,15,1100);
INSERT INTO `cfg_hero` (`id`, `name`, `quality`, `attack`, `hp`, `hit`, `dodge`, `speed`, `hero_attack`, `hero_hp`, `hero_hit`, `hero_dodge`, `hero_speed`, `prop_attack`, `prop_hp`, `prop_hit`, `prop_dodge`, `prop_speed`, `skill_id`) VALUES (30035,'吸血姬',3,60,800,15,15,20,3,30,3,3,3,20,150,20,15,15,1100);
INSERT INTO `cfg_hero` (`id`, `name`, `quality`, `attack`, `hp`, `hit`, `dodge`, `speed`, `hero_attack`, `hero_hp`, `hero_hit`, `hero_dodge`, `hero_speed`, `prop_attack`, `prop_hp`, `prop_hit`, `prop_dodge`, `prop_speed`, `skill_id`) VALUES (30036,'桃花妖',3,60,800,15,15,20,3,30,4,3,3,15,200,15,20,15,1700);
INSERT INTO `cfg_hero` (`id`, `name`, `quality`, `attack`, `hp`, `hit`, `dodge`, `speed`, `hero_attack`, `hero_hp`, `hero_hit`, `hero_dodge`, `hero_speed`, `prop_attack`, `prop_hp`, `prop_hit`, `prop_dodge`, `prop_speed`, `skill_id`) VALUES (20001,'食发鬼',2,60,400,20,20,20,3,30,2,3,2,10,150,15,10,10,1200);
INSERT INTO `cfg_hero` (`id`, `name`, `quality`, `attack`, `hp`, `hit`, `dodge`, `speed`, `hero_attack`, `hero_hp`, `hero_hit`, `hero_dodge`, `hero_speed`, `prop_attack`, `prop_hp`, `prop_hit`, `prop_dodge`, `prop_speed`, `skill_id`) VALUES (20002,'三尾狐',2,60,400,15,15,10,3,30,3,2,3,10,150,10,15,15,1000);
INSERT INTO `cfg_hero` (`id`, `name`, `quality`, `attack`, `hp`, `hit`, `dodge`, `speed`, `hero_attack`, `hero_hp`, `hero_hit`, `hero_dodge`, `hero_speed`, `prop_attack`, `prop_hp`, `prop_hit`, `prop_dodge`, `prop_speed`, `skill_id`) VALUES (20003,'巫蛊师',2,60,400,10,10,20,3,20,3,3,2,10,150,15,15,20,1000);
INSERT INTO `cfg_hero` (`id`, `name`, `quality`, `attack`, `hp`, `hit`, `dodge`, `speed`, `hero_attack`, `hero_hp`, `hero_hit`, `hero_dodge`, `hero_speed`, `prop_attack`, `prop_hp`, `prop_hit`, `prop_dodge`, `prop_speed`, `skill_id`) VALUES (20004,'九命猫',2,80,600,15,10,15,3,30,2,3,2,15,100,20,15,20,1800);
INSERT INTO `cfg_hero` (`id`, `name`, `quality`, `attack`, `hp`, `hit`, `dodge`, `speed`, `hero_attack`, `hero_hp`, `hero_hit`, `hero_dodge`, `hero_speed`, `prop_attack`, `prop_hp`, `prop_hit`, `prop_dodge`, `prop_speed`, `skill_id`) VALUES (20005,'山兔',2,60,400,10,20,20,2,30,3,3,3,15,150,15,10,15,5200);
INSERT INTO `cfg_hero` (`id`, `name`, `quality`, `attack`, `hp`, `hit`, `dodge`, `speed`, `hero_attack`, `hero_hp`, `hero_hit`, `hero_dodge`, `hero_speed`, `prop_attack`, `prop_hp`, `prop_hit`, `prop_dodge`, `prop_speed`, `skill_id`) VALUES (20006,'管狐',2,80,400,15,10,15,3,30,2,3,3,15,150,15,10,10,1800);
INSERT INTO `cfg_hero` (`id`, `name`, `quality`, `attack`, `hp`, `hit`, `dodge`, `speed`, `hero_attack`, `hero_hp`, `hero_hit`, `hero_dodge`, `hero_speed`, `prop_attack`, `prop_hp`, `prop_hit`, `prop_dodge`, `prop_speed`, `skill_id`) VALUES (20007,'童男',2,40,800,20,15,15,3,30,2,3,3,15,100,15,10,15,5100);
INSERT INTO `cfg_hero` (`id`, `name`, `quality`, `attack`, `hp`, `hit`, `dodge`, `speed`, `hero_attack`, `hero_hp`, `hero_hit`, `hero_dodge`, `hero_speed`, `prop_attack`, `prop_hp`, `prop_hit`, `prop_dodge`, `prop_speed`, `skill_id`) VALUES (20008,'鲤鱼精',2,60,600,15,20,20,2,30,3,3,4,10,100,15,15,15,5300);
INSERT INTO `cfg_hero` (`id`, `name`, `quality`, `attack`, `hp`, `hit`, `dodge`, `speed`, `hero_attack`, `hero_hp`, `hero_hit`, `hero_dodge`, `hero_speed`, `prop_attack`, `prop_hp`, `prop_hit`, `prop_dodge`, `prop_speed`, `skill_id`) VALUES (20009,'狸猫',2,40,400,10,10,15,3,30,3,3,4,15,100,15,20,15,1000);
INSERT INTO `cfg_hero` (`id`, `name`, `quality`, `attack`, `hp`, `hit`, `dodge`, `speed`, `hero_attack`, `hero_hp`, `hero_hit`, `hero_dodge`, `hero_speed`, `prop_attack`, `prop_hp`, `prop_hit`, `prop_dodge`, `prop_speed`, `skill_id`) VALUES (20010,'座敷童子',2,20,600,15,15,15,2,30,2,3,4,15,100,20,15,10,5400);
INSERT INTO `cfg_hero` (`id`, `name`, `quality`, `attack`, `hp`, `hit`, `dodge`, `speed`, `hero_attack`, `hero_hp`, `hero_hit`, `hero_dodge`, `hero_speed`, `prop_attack`, `prop_hp`, `prop_hit`, `prop_dodge`, `prop_speed`, `skill_id`) VALUES (20011,'椒图',2,60,600,15,20,10,3,30,3,3,3,15,100,20,10,10,5500);
INSERT INTO `cfg_hero` (`id`, `name`, `quality`, `attack`, `hp`, `hit`, `dodge`, `speed`, `hero_attack`, `hero_hp`, `hero_hit`, `hero_dodge`, `hero_speed`, `prop_attack`, `prop_hp`, `prop_hit`, `prop_dodge`, `prop_speed`, `skill_id`) VALUES (20012,'兵俑',2,40,800,10,10,10,3,30,3,3,2,10,150,15,10,15,1300);
INSERT INTO `cfg_hero` (`id`, `name`, `quality`, `attack`, `hp`, `hit`, `dodge`, `speed`, `hero_attack`, `hero_hp`, `hero_hit`, `hero_dodge`, `hero_speed`, `prop_attack`, `prop_hp`, `prop_hit`, `prop_dodge`, `prop_speed`, `skill_id`) VALUES (20013,'鸦天狗',2,60,600,10,15,15,3,20,3,2,3,10,150,15,15,10,1000);
INSERT INTO `cfg_hero` (`id`, `name`, `quality`, `attack`, `hp`, `hit`, `dodge`, `speed`, `hero_attack`, `hero_hp`, `hero_hit`, `hero_dodge`, `hero_speed`, `prop_attack`, `prop_hp`, `prop_hit`, `prop_dodge`, `prop_speed`, `skill_id`) VALUES (20014,'童女',2,40,800,15,10,15,3,20,2,3,2,15,150,20,15,15,1900);
INSERT INTO `cfg_hero` (`id`, `name`, `quality`, `attack`, `hp`, `hit`, `dodge`, `speed`, `hero_attack`, `hero_hp`, `hero_hit`, `hero_dodge`, `hero_speed`, `prop_attack`, `prop_hp`, `prop_hit`, `prop_dodge`, `prop_speed`, `skill_id`) VALUES (20015,'丑时之女',2,60,400,10,20,10,3,30,3,3,4,10,100,15,15,15,5100);
INSERT INTO `cfg_hero` (`id`, `name`, `quality`, `attack`, `hp`, `hit`, `dodge`, `speed`, `hero_attack`, `hero_hp`, `hero_hit`, `hero_dodge`, `hero_speed`, `prop_attack`, `prop_hp`, `prop_hit`, `prop_dodge`, `prop_speed`, `skill_id`) VALUES (20016,'雨女',2,60,400,15,5,15,2,30,3,3,4,10,150,20,15,15,5200);
INSERT INTO `cfg_hero` (`id`, `name`, `quality`, `attack`, `hp`, `hit`, `dodge`, `speed`, `hero_attack`, `hero_hp`, `hero_hit`, `hero_dodge`, `hero_speed`, `prop_attack`, `prop_hp`, `prop_hit`, `prop_dodge`, `prop_speed`, `skill_id`) VALUES (20017,'山童',2,60,400,10,20,20,2,30,4,2,4,15,100,15,15,15,1300);
INSERT INTO `cfg_hero` (`id`, `name`, `quality`, `attack`, `hp`, `hit`, `dodge`, `speed`, `hero_attack`, `hero_hp`, `hero_hit`, `hero_dodge`, `hero_speed`, `prop_attack`, `prop_hp`, `prop_hit`, `prop_dodge`, `prop_speed`, `skill_id`) VALUES (20018,'首无',2,80,400,10,15,10,3,30,3,2,3,15,100,10,15,10,1800);
INSERT INTO `cfg_hero` (`id`, `name`, `quality`, `attack`, `hp`, `hit`, `dodge`, `speed`, `hero_attack`, `hero_hp`, `hero_hit`, `hero_dodge`, `hero_speed`, `prop_attack`, `prop_hp`, `prop_hit`, `prop_dodge`, `prop_speed`, `skill_id`) VALUES (20019,'莹草',2,60,800,15,5,20,2,30,3,3,3,15,150,10,15,10,1900);
INSERT INTO `cfg_hero` (`id`, `name`, `quality`, `attack`, `hp`, `hit`, `dodge`, `speed`, `hero_attack`, `hero_hp`, `hero_hit`, `hero_dodge`, `hero_speed`, `prop_attack`, `prop_hp`, `prop_hit`, `prop_dodge`, `prop_speed`, `skill_id`) VALUES (20020,'武士之灵',2,60,400,20,15,15,3,30,3,3,2,10,100,15,10,20,1000);
INSERT INTO `cfg_hero` (`id`, `name`, `quality`, `attack`, `hp`, `hit`, `dodge`, `speed`, `hero_attack`, `hero_hp`, `hero_hit`, `hero_dodge`, `hero_speed`, `prop_attack`, `prop_hp`, `prop_hit`, `prop_dodge`, `prop_speed`, `skill_id`) VALUES (20021,'跳跳妹妹',2,60,400,20,10,15,3,30,3,4,3,15,200,10,15,10,1000);
INSERT INTO `cfg_hero` (`id`, `name`, `quality`, `attack`, `hp`, `hit`, `dodge`, `speed`, `hero_attack`, `hero_hp`, `hero_hit`, `hero_dodge`, `hero_speed`, `prop_attack`, `prop_hp`, `prop_hit`, `prop_dodge`, `prop_speed`, `skill_id`) VALUES (20022,'跳跳弟弟',2,60,600,10,10,20,2,30,3,4,2,15,100,15,15,20,1000);
INSERT INTO `cfg_hero` (`id`, `name`, `quality`, `attack`, `hp`, `hit`, `dodge`, `speed`, `hero_attack`, `hero_hp`, `hero_hit`, `hero_dodge`, `hero_speed`, `prop_attack`, `prop_hp`, `prop_hit`, `prop_dodge`, `prop_speed`, `skill_id`) VALUES (20023,'铁鼠',2,60,400,10,20,10,3,30,3,2,3,15,100,15,15,15,5300);
INSERT INTO `cfg_hero` (`id`, `name`, `quality`, `attack`, `hp`, `hit`, `dodge`, `speed`, `hero_attack`, `hero_hp`, `hero_hit`, `hero_dodge`, `hero_speed`, `prop_attack`, `prop_hp`, `prop_hit`, `prop_dodge`, `prop_speed`, `skill_id`) VALUES (20024,'青蛙瓷器',2,60,400,10,15,15,3,30,3,3,3,15,100,15,10,10,1800);
INSERT INTO `cfg_hero` (`id`, `name`, `quality`, `attack`, `hp`, `hit`, `dodge`, `speed`, `hero_attack`, `hero_hp`, `hero_hit`, `hero_dodge`, `hero_speed`, `prop_attack`, `prop_hp`, `prop_hit`, `prop_dodge`, `prop_speed`, `skill_id`) VALUES (20025,'蝴蝶精',2,40,800,15,10,15,3,30,2,3,2,10,150,15,10,15,1900);
INSERT INTO `cfg_hero` (`id`, `name`, `quality`, `attack`, `hp`, `hit`, `dodge`, `speed`, `hero_attack`, `hero_hp`, `hero_hit`, `hero_dodge`, `hero_speed`, `prop_attack`, `prop_hp`, `prop_hit`, `prop_dodge`, `prop_speed`, `skill_id`) VALUES (20026,'独眼小僧',2,40,600,15,20,20,2,30,3,3,3,15,100,20,10,20,5400);
INSERT INTO `cfg_hero` (`id`, `name`, `quality`, `attack`, `hp`, `hit`, `dodge`, `speed`, `hero_attack`, `hero_hp`, `hero_hit`, `hero_dodge`, `hero_speed`, `prop_attack`, `prop_hp`, `prop_hit`, `prop_dodge`, `prop_speed`, `skill_id`) VALUES (20027,'恶鬼',2,60,400,10,10,20,3,20,3,2,3,15,150,15,15,10,1800);
INSERT INTO `cfg_hero` (`id`, `name`, `quality`, `attack`, `hp`, `hit`, `dodge`, `speed`, `hero_attack`, `hero_hp`, `hero_hit`, `hero_dodge`, `hero_speed`, `prop_attack`, `prop_hp`, `prop_hit`, `prop_dodge`, `prop_speed`, `skill_id`) VALUES (20028,'觉',2,60,600,15,20,10,3,20,3,2,3,10,150,10,15,10,1000);
INSERT INTO `cfg_hero` (`id`, `name`, `quality`, `attack`, `hp`, `hit`, `dodge`, `speed`, `hero_attack`, `hero_hp`, `hero_hit`, `hero_dodge`, `hero_speed`, `prop_attack`, `prop_hp`, `prop_hit`, `prop_dodge`, `prop_speed`, `skill_id`) VALUES (20029,'河童',2,60,600,15,20,15,2,20,3,3,2,15,150,15,10,15,1100);
INSERT INTO `cfg_hero` (`id`, `name`, `quality`, `attack`, `hp`, `hit`, `dodge`, `speed`, `hero_attack`, `hero_hp`, `hero_hit`, `hero_dodge`, `hero_speed`, `prop_attack`, `prop_hp`, `prop_hit`, `prop_dodge`, `prop_speed`, `skill_id`) VALUES (20030,'古笼火',2,60,400,15,10,15,3,30,3,3,2,10,150,10,15,15,5500);
INSERT INTO `cfg_hero` (`id`, `name`, `quality`, `attack`, `hp`, `hit`, `dodge`, `speed`, `hero_attack`, `hero_hp`, `hero_hit`, `hero_dodge`, `hero_speed`, `prop_attack`, `prop_hp`, `prop_hit`, `prop_dodge`, `prop_speed`, `skill_id`) VALUES (10001,'寄生魂',1,40,200,15,10,10,3,20,3,2,3,15,100,5,5,10,1800);
INSERT INTO `cfg_hero` (`id`, `name`, `quality`, `attack`, `hp`, `hit`, `dodge`, `speed`, `hero_attack`, `hero_hp`, `hero_hit`, `hero_dodge`, `hero_speed`, `prop_attack`, `prop_hp`, `prop_hit`, `prop_dodge`, `prop_speed`, `skill_id`) VALUES (10002,'天邪鬼赤',1,60,200,15,10,5,3,20,2,1,2,15,100,5,15,10,1000);
INSERT INTO `cfg_hero` (`id`, `name`, `quality`, `attack`, `hp`, `hit`, `dodge`, `speed`, `hero_attack`, `hero_hp`, `hero_hit`, `hero_dodge`, `hero_speed`, `prop_attack`, `prop_hp`, `prop_hit`, `prop_dodge`, `prop_speed`, `skill_id`) VALUES (10003,'唐纸伞妖',1,60,600,15,15,15,2,20,3,2,2,10,100,10,15,10,5100);
INSERT INTO `cfg_hero` (`id`, `name`, `quality`, `attack`, `hp`, `hit`, `dodge`, `speed`, `hero_attack`, `hero_hp`, `hero_hit`, `hero_dodge`, `hero_speed`, `prop_attack`, `prop_hp`, `prop_hit`, `prop_dodge`, `prop_speed`, `skill_id`) VALUES (10004,'涂壁',1,40,200,15,10,10,2,30,2,3,3,10,100,15,10,10,1200);
INSERT INTO `cfg_hero` (`id`, `name`, `quality`, `attack`, `hp`, `hit`, `dodge`, `speed`, `hero_attack`, `hero_hp`, `hero_hit`, `hero_dodge`, `hero_speed`, `prop_attack`, `prop_hp`, `prop_hit`, `prop_dodge`, `prop_speed`, `skill_id`) VALUES (10005,'天邪鬼黄',1,60,200,10,10,15,2,20,1,2,2,15,100,15,20,15,1800);
INSERT INTO `cfg_hero` (`id`, `name`, `quality`, `attack`, `hp`, `hit`, `dodge`, `speed`, `hero_attack`, `hero_hp`, `hero_hit`, `hero_dodge`, `hero_speed`, `prop_attack`, `prop_hp`, `prop_hit`, `prop_dodge`, `prop_speed`, `skill_id`) VALUES (10006,'提灯小僧',1,40,600,15,10,10,1,30,2,1,3,10,100,15,15,5,1900);
INSERT INTO `cfg_hero` (`id`, `name`, `quality`, `attack`, `hp`, `hit`, `dodge`, `speed`, `hero_attack`, `hero_hp`, `hero_hit`, `hero_dodge`, `hero_speed`, `prop_attack`, `prop_hp`, `prop_hit`, `prop_dodge`, `prop_speed`, `skill_id`) VALUES (10007,'天邪鬼绿',1,20,200,15,10,10,2,30,1,2,3,15,100,5,15,10,1000);
INSERT INTO `cfg_hero` (`id`, `name`, `quality`, `attack`, `hp`, `hit`, `dodge`, `speed`, `hero_attack`, `hero_hp`, `hero_hit`, `hero_dodge`, `hero_speed`, `prop_attack`, `prop_hp`, `prop_hit`, `prop_dodge`, `prop_speed`, `skill_id`) VALUES (10008,'赤舌',1,60,200,15,10,15,2,20,1,1,2,15,150,20,20,10,1100);
INSERT INTO `cfg_hero` (`id`, `name`, `quality`, `attack`, `hp`, `hit`, `dodge`, `speed`, `hero_attack`, `hero_hp`, `hero_hit`, `hero_dodge`, `hero_speed`, `prop_attack`, `prop_hp`, `prop_hit`, `prop_dodge`, `prop_speed`, `skill_id`) VALUES (10009,'灯笼鬼',1,40,400,15,10,5,1,30,1,3,3,10,150,10,5,5,5200);
INSERT INTO `cfg_hero` (`id`, `name`, `quality`, `attack`, `hp`, `hit`, `dodge`, `speed`, `hero_attack`, `hero_hp`, `hero_hit`, `hero_dodge`, `hero_speed`, `prop_attack`, `prop_hp`, `prop_hit`, `prop_dodge`, `prop_speed`, `skill_id`) VALUES (10010,'天邪鬼青',1,40,200,15,10,10,2,30,2,2,3,5,100,5,20,10,5300);
INSERT INTO `cfg_hero` (`id`, `name`, `quality`, `attack`, `hp`, `hit`, `dodge`, `speed`, `hero_attack`, `hero_hp`, `hero_hit`, `hero_dodge`, `hero_speed`, `prop_attack`, `prop_hp`, `prop_hit`, `prop_dodge`, `prop_speed`, `skill_id`) VALUES (10011,'帚神',1,40,600,15,10,10,1,30,1,1,2,15,100,15,10,5,1000);
INSERT INTO `cfg_hero` (`id`, `name`, `quality`, `attack`, `hp`, `hit`, `dodge`, `speed`, `hero_attack`, `hero_hp`, `hero_hit`, `hero_dodge`, `hero_speed`, `prop_attack`, `prop_hp`, `prop_hit`, `prop_dodge`, `prop_speed`, `skill_id`) VALUES (10012,'盗墓小鬼',1,20,400,10,5,5,3,30,1,1,2,10,100,10,5,10,1000);



INSERT INTO `cfg_hero_lottery` (`id`, `type`, `hero_id`, `weight`) VALUES (1,1,50004,0.02);
INSERT INTO `cfg_hero_lottery` (`id`, `type`, `hero_id`, `weight`) VALUES (2,1,50005,0.02);
INSERT INTO `cfg_hero_lottery` (`id`, `type`, `hero_id`, `weight`) VALUES (3,1,40003,0.02);
INSERT INTO `cfg_hero_lottery` (`id`, `type`, `hero_id`, `weight`) VALUES (4,1,40004,0.02);
INSERT INTO `cfg_hero_lottery` (`id`, `type`, `hero_id`, `weight`) VALUES (5,1,40005,0.02);
INSERT INTO `cfg_hero_lottery` (`id`, `type`, `hero_id`, `weight`) VALUES (6,1,40006,0.02);
INSERT INTO `cfg_hero_lottery` (`id`, `type`, `hero_id`, `weight`) VALUES (7,1,40007,0.02);
INSERT INTO `cfg_hero_lottery` (`id`, `type`, `hero_id`, `weight`) VALUES (8,1,40008,0.02);
INSERT INTO `cfg_hero_lottery` (`id`, `type`, `hero_id`, `weight`) VALUES (9,1,40009,0.02);
INSERT INTO `cfg_hero_lottery` (`id`, `type`, `hero_id`, `weight`) VALUES (10,1,40010,0.02);
INSERT INTO `cfg_hero_lottery` (`id`, `type`, `hero_id`, `weight`) VALUES (11,1,30002,0.02);
INSERT INTO `cfg_hero_lottery` (`id`, `type`, `hero_id`, `weight`) VALUES (12,1,30003,0.02);
INSERT INTO `cfg_hero_lottery` (`id`, `type`, `hero_id`, `weight`) VALUES (13,1,30004,0.02);
INSERT INTO `cfg_hero_lottery` (`id`, `type`, `hero_id`, `weight`) VALUES (14,1,30005,0.02);
INSERT INTO `cfg_hero_lottery` (`id`, `type`, `hero_id`, `weight`) VALUES (15,1,30006,0.02);
INSERT INTO `cfg_hero_lottery` (`id`, `type`, `hero_id`, `weight`) VALUES (16,1,30007,0.02);
INSERT INTO `cfg_hero_lottery` (`id`, `type`, `hero_id`, `weight`) VALUES (17,1,30008,0.02);
INSERT INTO `cfg_hero_lottery` (`id`, `type`, `hero_id`, `weight`) VALUES (18,1,30009,0.02);
INSERT INTO `cfg_hero_lottery` (`id`, `type`, `hero_id`, `weight`) VALUES (19,1,30010,0.02);
INSERT INTO `cfg_hero_lottery` (`id`, `type`, `hero_id`, `weight`) VALUES (20,1,30011,0.02);
INSERT INTO `cfg_hero_lottery` (`id`, `type`, `hero_id`, `weight`) VALUES (21,1,30012,0.02);
INSERT INTO `cfg_hero_lottery` (`id`, `type`, `hero_id`, `weight`) VALUES (22,1,30013,0.02);
INSERT INTO `cfg_hero_lottery` (`id`, `type`, `hero_id`, `weight`) VALUES (23,1,30014,0.02);
INSERT INTO `cfg_hero_lottery` (`id`, `type`, `hero_id`, `weight`) VALUES (24,1,30015,0.02);
INSERT INTO `cfg_hero_lottery` (`id`, `type`, `hero_id`, `weight`) VALUES (25,1,30016,0.02);
INSERT INTO `cfg_hero_lottery` (`id`, `type`, `hero_id`, `weight`) VALUES (26,1,30017,0.02);
INSERT INTO `cfg_hero_lottery` (`id`, `type`, `hero_id`, `weight`) VALUES (27,1,30018,0.02);
INSERT INTO `cfg_hero_lottery` (`id`, `type`, `hero_id`, `weight`) VALUES (28,1,30019,0.02);
INSERT INTO `cfg_hero_lottery` (`id`, `type`, `hero_id`, `weight`) VALUES (29,1,30020,0.02);
INSERT INTO `cfg_hero_lottery` (`id`, `type`, `hero_id`, `weight`) VALUES (30,1,30021,0.02);
INSERT INTO `cfg_hero_lottery` (`id`, `type`, `hero_id`, `weight`) VALUES (31,1,30022,0.02);
INSERT INTO `cfg_hero_lottery` (`id`, `type`, `hero_id`, `weight`) VALUES (32,1,30023,0.02);
INSERT INTO `cfg_hero_lottery` (`id`, `type`, `hero_id`, `weight`) VALUES (33,1,20007,0.02);
INSERT INTO `cfg_hero_lottery` (`id`, `type`, `hero_id`, `weight`) VALUES (34,1,20008,0.02);
INSERT INTO `cfg_hero_lottery` (`id`, `type`, `hero_id`, `weight`) VALUES (35,1,20009,0.02);
INSERT INTO `cfg_hero_lottery` (`id`, `type`, `hero_id`, `weight`) VALUES (36,1,20010,0.02);
INSERT INTO `cfg_hero_lottery` (`id`, `type`, `hero_id`, `weight`) VALUES (37,1,20011,0.02);
INSERT INTO `cfg_hero_lottery` (`id`, `type`, `hero_id`, `weight`) VALUES (38,1,20012,0.02);
INSERT INTO `cfg_hero_lottery` (`id`, `type`, `hero_id`, `weight`) VALUES (39,1,20013,0.02);
INSERT INTO `cfg_hero_lottery` (`id`, `type`, `hero_id`, `weight`) VALUES (40,1,20014,0.02);
INSERT INTO `cfg_hero_lottery` (`id`, `type`, `hero_id`, `weight`) VALUES (41,1,20015,0.02);
INSERT INTO `cfg_hero_lottery` (`id`, `type`, `hero_id`, `weight`) VALUES (42,1,20016,0.02);
INSERT INTO `cfg_hero_lottery` (`id`, `type`, `hero_id`, `weight`) VALUES (43,1,20017,0.02);
INSERT INTO `cfg_hero_lottery` (`id`, `type`, `hero_id`, `weight`) VALUES (44,1,10003,0.02);
INSERT INTO `cfg_hero_lottery` (`id`, `type`, `hero_id`, `weight`) VALUES (45,1,10004,0.02);
INSERT INTO `cfg_hero_lottery` (`id`, `type`, `hero_id`, `weight`) VALUES (46,1,10005,0.02);
INSERT INTO `cfg_hero_lottery` (`id`, `type`, `hero_id`, `weight`) VALUES (47,1,10006,0.02);
INSERT INTO `cfg_hero_lottery` (`id`, `type`, `hero_id`, `weight`) VALUES (48,1,10007,0.02);
INSERT INTO `cfg_hero_lottery` (`id`, `type`, `hero_id`, `weight`) VALUES (49,1,10008,0.02);
INSERT INTO `cfg_hero_lottery` (`id`, `type`, `hero_id`, `weight`) VALUES (50,1,10010,0.02);
INSERT INTO `cfg_hero_lottery` (`id`, `type`, `hero_id`, `weight`) VALUES (51,2,40009,0.05);
INSERT INTO `cfg_hero_lottery` (`id`, `type`, `hero_id`, `weight`) VALUES (52,2,40010,0.05);
INSERT INTO `cfg_hero_lottery` (`id`, `type`, `hero_id`, `weight`) VALUES (53,2,30032,0.05);
INSERT INTO `cfg_hero_lottery` (`id`, `type`, `hero_id`, `weight`) VALUES (54,2,30033,0.05);
INSERT INTO `cfg_hero_lottery` (`id`, `type`, `hero_id`, `weight`) VALUES (55,2,30034,0.05);
INSERT INTO `cfg_hero_lottery` (`id`, `type`, `hero_id`, `weight`) VALUES (56,2,30035,0.05);
INSERT INTO `cfg_hero_lottery` (`id`, `type`, `hero_id`, `weight`) VALUES (57,2,20020,0.05);
INSERT INTO `cfg_hero_lottery` (`id`, `type`, `hero_id`, `weight`) VALUES (58,2,20021,0.05);
INSERT INTO `cfg_hero_lottery` (`id`, `type`, `hero_id`, `weight`) VALUES (59,2,20022,0.05);
INSERT INTO `cfg_hero_lottery` (`id`, `type`, `hero_id`, `weight`) VALUES (60,2,20023,0.05);
INSERT INTO `cfg_hero_lottery` (`id`, `type`, `hero_id`, `weight`) VALUES (61,2,20024,0.05);
INSERT INTO `cfg_hero_lottery` (`id`, `type`, `hero_id`, `weight`) VALUES (62,2,20025,0.05);
INSERT INTO `cfg_hero_lottery` (`id`, `type`, `hero_id`, `weight`) VALUES (63,2,20026,0.05);
INSERT INTO `cfg_hero_lottery` (`id`, `type`, `hero_id`, `weight`) VALUES (64,2,20027,0.05);
INSERT INTO `cfg_hero_lottery` (`id`, `type`, `hero_id`, `weight`) VALUES (65,2,20028,0.05);
INSERT INTO `cfg_hero_lottery` (`id`, `type`, `hero_id`, `weight`) VALUES (66,2,20029,0.05);
INSERT INTO `cfg_hero_lottery` (`id`, `type`, `hero_id`, `weight`) VALUES (67,2,40011,0.05);
INSERT INTO `cfg_hero_lottery` (`id`, `type`, `hero_id`, `weight`) VALUES (68,2,10003,0.05);
INSERT INTO `cfg_hero_lottery` (`id`, `type`, `hero_id`, `weight`) VALUES (69,2,10004,0.05);
INSERT INTO `cfg_hero_lottery` (`id`, `type`, `hero_id`, `weight`) VALUES (70,2,10005,0.05);
INSERT INTO `cfg_hero_lottery` (`id`, `type`, `hero_id`, `weight`) VALUES (71,3,50004,0.02);
INSERT INTO `cfg_hero_lottery` (`id`, `type`, `hero_id`, `weight`) VALUES (72,3,50005,0.02);
INSERT INTO `cfg_hero_lottery` (`id`, `type`, `hero_id`, `weight`) VALUES (73,3,40003,0.02);
INSERT INTO `cfg_hero_lottery` (`id`, `type`, `hero_id`, `weight`) VALUES (74,3,40004,0.02);
INSERT INTO `cfg_hero_lottery` (`id`, `type`, `hero_id`, `weight`) VALUES (75,3,40005,0.02);
INSERT INTO `cfg_hero_lottery` (`id`, `type`, `hero_id`, `weight`) VALUES (76,3,40006,0.02);
INSERT INTO `cfg_hero_lottery` (`id`, `type`, `hero_id`, `weight`) VALUES (77,3,40007,0.02);
INSERT INTO `cfg_hero_lottery` (`id`, `type`, `hero_id`, `weight`) VALUES (78,3,40008,0.02);
INSERT INTO `cfg_hero_lottery` (`id`, `type`, `hero_id`, `weight`) VALUES (79,3,40009,0.02);
INSERT INTO `cfg_hero_lottery` (`id`, `type`, `hero_id`, `weight`) VALUES (80,3,40010,0.02);
INSERT INTO `cfg_hero_lottery` (`id`, `type`, `hero_id`, `weight`) VALUES (81,3,30002,0.02);
INSERT INTO `cfg_hero_lottery` (`id`, `type`, `hero_id`, `weight`) VALUES (82,3,30003,0.02);
INSERT INTO `cfg_hero_lottery` (`id`, `type`, `hero_id`, `weight`) VALUES (83,3,30004,0.02);
INSERT INTO `cfg_hero_lottery` (`id`, `type`, `hero_id`, `weight`) VALUES (84,3,30005,0.02);
INSERT INTO `cfg_hero_lottery` (`id`, `type`, `hero_id`, `weight`) VALUES (85,3,30006,0.02);
INSERT INTO `cfg_hero_lottery` (`id`, `type`, `hero_id`, `weight`) VALUES (86,3,30007,0.02);
INSERT INTO `cfg_hero_lottery` (`id`, `type`, `hero_id`, `weight`) VALUES (87,3,30008,0.02);
INSERT INTO `cfg_hero_lottery` (`id`, `type`, `hero_id`, `weight`) VALUES (88,3,30009,0.02);
INSERT INTO `cfg_hero_lottery` (`id`, `type`, `hero_id`, `weight`) VALUES (89,3,30010,0.02);
INSERT INTO `cfg_hero_lottery` (`id`, `type`, `hero_id`, `weight`) VALUES (90,3,30011,0.02);
INSERT INTO `cfg_hero_lottery` (`id`, `type`, `hero_id`, `weight`) VALUES (91,3,30012,0.02);
INSERT INTO `cfg_hero_lottery` (`id`, `type`, `hero_id`, `weight`) VALUES (92,3,30013,0.02);
INSERT INTO `cfg_hero_lottery` (`id`, `type`, `hero_id`, `weight`) VALUES (93,3,30014,0.02);
INSERT INTO `cfg_hero_lottery` (`id`, `type`, `hero_id`, `weight`) VALUES (94,3,30015,0.02);
INSERT INTO `cfg_hero_lottery` (`id`, `type`, `hero_id`, `weight`) VALUES (95,3,30016,0.02);
INSERT INTO `cfg_hero_lottery` (`id`, `type`, `hero_id`, `weight`) VALUES (96,3,30017,0.02);
INSERT INTO `cfg_hero_lottery` (`id`, `type`, `hero_id`, `weight`) VALUES (97,3,30018,0.02);
INSERT INTO `cfg_hero_lottery` (`id`, `type`, `hero_id`, `weight`) VALUES (98,3,30019,0.02);
INSERT INTO `cfg_hero_lottery` (`id`, `type`, `hero_id`, `weight`) VALUES (99,3,30020,0.02);
INSERT INTO `cfg_hero_lottery` (`id`, `type`, `hero_id`, `weight`) VALUES (100,3,30021,0.02);
INSERT INTO `cfg_hero_lottery` (`id`, `type`, `hero_id`, `weight`) VALUES (101,3,30022,0.02);
INSERT INTO `cfg_hero_lottery` (`id`, `type`, `hero_id`, `weight`) VALUES (102,3,30023,0.02);
INSERT INTO `cfg_hero_lottery` (`id`, `type`, `hero_id`, `weight`) VALUES (103,3,20007,0.02);
INSERT INTO `cfg_hero_lottery` (`id`, `type`, `hero_id`, `weight`) VALUES (104,3,20008,0.02);
INSERT INTO `cfg_hero_lottery` (`id`, `type`, `hero_id`, `weight`) VALUES (105,3,20009,0.02);
INSERT INTO `cfg_hero_lottery` (`id`, `type`, `hero_id`, `weight`) VALUES (106,3,20010,0.02);
INSERT INTO `cfg_hero_lottery` (`id`, `type`, `hero_id`, `weight`) VALUES (107,3,20011,0.02);
INSERT INTO `cfg_hero_lottery` (`id`, `type`, `hero_id`, `weight`) VALUES (108,3,20012,0.02);
INSERT INTO `cfg_hero_lottery` (`id`, `type`, `hero_id`, `weight`) VALUES (109,3,20013,0.02);
INSERT INTO `cfg_hero_lottery` (`id`, `type`, `hero_id`, `weight`) VALUES (110,3,20014,0.02);
INSERT INTO `cfg_hero_lottery` (`id`, `type`, `hero_id`, `weight`) VALUES (111,3,20015,0.02);
INSERT INTO `cfg_hero_lottery` (`id`, `type`, `hero_id`, `weight`) VALUES (112,3,20016,0.02);
INSERT INTO `cfg_hero_lottery` (`id`, `type`, `hero_id`, `weight`) VALUES (113,3,20017,0.02);
INSERT INTO `cfg_hero_lottery` (`id`, `type`, `hero_id`, `weight`) VALUES (114,3,10003,0.02);
INSERT INTO `cfg_hero_lottery` (`id`, `type`, `hero_id`, `weight`) VALUES (115,3,10004,0.02);
INSERT INTO `cfg_hero_lottery` (`id`, `type`, `hero_id`, `weight`) VALUES (116,3,10005,0.02);
INSERT INTO `cfg_hero_lottery` (`id`, `type`, `hero_id`, `weight`) VALUES (117,3,10006,0.02);
INSERT INTO `cfg_hero_lottery` (`id`, `type`, `hero_id`, `weight`) VALUES (118,3,10007,0.02);
INSERT INTO `cfg_hero_lottery` (`id`, `type`, `hero_id`, `weight`) VALUES (119,3,10008,0.02);
INSERT INTO `cfg_hero_lottery` (`id`, `type`, `hero_id`, `weight`) VALUES (120,3,10010,0.02);
INSERT INTO `cfg_hero_lottery` (`id`, `type`, `hero_id`, `weight`) VALUES (121,4,50001,0.05);
INSERT INTO `cfg_hero_lottery` (`id`, `type`, `hero_id`, `weight`) VALUES (122,4,50002,0.05);
INSERT INTO `cfg_hero_lottery` (`id`, `type`, `hero_id`, `weight`) VALUES (123,4,50003,0.05);
INSERT INTO `cfg_hero_lottery` (`id`, `type`, `hero_id`, `weight`) VALUES (124,4,50004,0.05);
INSERT INTO `cfg_hero_lottery` (`id`, `type`, `hero_id`, `weight`) VALUES (125,4,50005,0.05);
INSERT INTO `cfg_hero_lottery` (`id`, `type`, `hero_id`, `weight`) VALUES (126,4,50006,0.05);
INSERT INTO `cfg_hero_lottery` (`id`, `type`, `hero_id`, `weight`) VALUES (127,4,40001,0.05);
INSERT INTO `cfg_hero_lottery` (`id`, `type`, `hero_id`, `weight`) VALUES (128,4,40002,0.05);
INSERT INTO `cfg_hero_lottery` (`id`, `type`, `hero_id`, `weight`) VALUES (129,4,40003,0.05);
INSERT INTO `cfg_hero_lottery` (`id`, `type`, `hero_id`, `weight`) VALUES (130,4,40004,0.05);
INSERT INTO `cfg_hero_lottery` (`id`, `type`, `hero_id`, `weight`) VALUES (131,4,40005,0.05);
INSERT INTO `cfg_hero_lottery` (`id`, `type`, `hero_id`, `weight`) VALUES (132,4,40006,0.05);
INSERT INTO `cfg_hero_lottery` (`id`, `type`, `hero_id`, `weight`) VALUES (133,4,40007,0.05);
INSERT INTO `cfg_hero_lottery` (`id`, `type`, `hero_id`, `weight`) VALUES (134,4,40008,0.05);
INSERT INTO `cfg_hero_lottery` (`id`, `type`, `hero_id`, `weight`) VALUES (135,4,40009,0.05);
INSERT INTO `cfg_hero_lottery` (`id`, `type`, `hero_id`, `weight`) VALUES (136,4,40010,0.05);
INSERT INTO `cfg_hero_lottery` (`id`, `type`, `hero_id`, `weight`) VALUES (137,4,40011,0.05);
INSERT INTO `cfg_hero_lottery` (`id`, `type`, `hero_id`, `weight`) VALUES (138,4,40012,0.05);
INSERT INTO `cfg_hero_lottery` (`id`, `type`, `hero_id`, `weight`) VALUES (139,4,40013,0.05);
INSERT INTO `cfg_hero_lottery` (`id`, `type`, `hero_id`, `weight`) VALUES (140,4,40014,0.05);



INSERT INTO `cfg_hero_skill` (`id`, `skill_id`, `lv`, `name`, `prob`, `precond`, `precond_num`, `passive`, `effect_type`, `effect_num`, `state_type`, `state_num`, `state_round`, `descp`) VALUES (1,1000,1,'奋力一击',0.05,0,0,0,1,1.6,0,0,0,'5%概率触发，奋力一击造成160%攻击伤害。');
INSERT INTO `cfg_hero_skill` (`id`, `skill_id`, `lv`, `name`, `prob`, `precond`, `precond_num`, `passive`, `effect_type`, `effect_num`, `state_type`, `state_num`, `state_round`, `descp`) VALUES (2,1001,2,'奋力一击',0.05,0,0,0,1,1.7,0,0,0,'5%概率触发，奋力一击造成170%攻击伤害。');
INSERT INTO `cfg_hero_skill` (`id`, `skill_id`, `lv`, `name`, `prob`, `precond`, `precond_num`, `passive`, `effect_type`, `effect_num`, `state_type`, `state_num`, `state_round`, `descp`) VALUES (3,1002,3,'奋力一击',0.05,0,0,0,1,1.8,0,0,0,'5%概率触发，奋力一击造成180%攻击伤害。');
INSERT INTO `cfg_hero_skill` (`id`, `skill_id`, `lv`, `name`, `prob`, `precond`, `precond_num`, `passive`, `effect_type`, `effect_num`, `state_type`, `state_num`, `state_round`, `descp`) VALUES (4,1003,4,'奋力一击',0.05,0,0,0,1,1.9,0,0,0,'5%概率触发，奋力一击造成190%攻击伤害。');
INSERT INTO `cfg_hero_skill` (`id`, `skill_id`, `lv`, `name`, `prob`, `precond`, `precond_num`, `passive`, `effect_type`, `effect_num`, `state_type`, `state_num`, `state_round`, `descp`) VALUES (5,1004,5,'奋力一击',0.05,0,0,0,1,2,0,0,0,'5%概率触发，奋力一击造成200%攻击伤害。');
INSERT INTO `cfg_hero_skill` (`id`, `skill_id`, `lv`, `name`, `prob`, `precond`, `precond_num`, `passive`, `effect_type`, `effect_num`, `state_type`, `state_num`, `state_round`, `descp`) VALUES (6,1005,6,'奋力一击',0.05,0,0,0,1,2.1,0,0,0,'5%概率触发，奋力一击造成210%攻击伤害。');
INSERT INTO `cfg_hero_skill` (`id`, `skill_id`, `lv`, `name`, `prob`, `precond`, `precond_num`, `passive`, `effect_type`, `effect_num`, `state_type`, `state_num`, `state_round`, `descp`) VALUES (7,1006,7,'奋力一击',0.05,0,0,0,1,2.2,0,0,0,'5%概率触发，奋力一击造成220%攻击伤害。');
INSERT INTO `cfg_hero_skill` (`id`, `skill_id`, `lv`, `name`, `prob`, `precond`, `precond_num`, `passive`, `effect_type`, `effect_num`, `state_type`, `state_num`, `state_round`, `descp`) VALUES (8,1007,8,'奋力一击',0.05,0,0,0,1,2.3,0,0,0,'5%概率触发，奋力一击造成230%攻击伤害。');
INSERT INTO `cfg_hero_skill` (`id`, `skill_id`, `lv`, `name`, `prob`, `precond`, `precond_num`, `passive`, `effect_type`, `effect_num`, `state_type`, `state_num`, `state_round`, `descp`) VALUES (9,1008,9,'奋力一击',0.05,0,0,0,1,2.4,0,0,0,'5%概率触发，奋力一击造成240%攻击伤害。');
INSERT INTO `cfg_hero_skill` (`id`, `skill_id`, `lv`, `name`, `prob`, `precond`, `precond_num`, `passive`, `effect_type`, `effect_num`, `state_type`, `state_num`, `state_round`, `descp`) VALUES (10,1009,10,'奋力一击',0.05,0,0,0,1,2.5,0,0,0,'5%概率触发，奋力一击造成250%攻击伤害。');
INSERT INTO `cfg_hero_skill` (`id`, `skill_id`, `lv`, `name`, `prob`, `precond`, `precond_num`, `passive`, `effect_type`, `effect_num`, `state_type`, `state_num`, `state_round`, `descp`) VALUES (11,1100,1,'吸血獠',0.03,0,0,0,1,2,30100,0.3,1,'3%概率触发，造成200%攻击伤害，并恢复最终伤害30%的血量。');
INSERT INTO `cfg_hero_skill` (`id`, `skill_id`, `lv`, `name`, `prob`, `precond`, `precond_num`, `passive`, `effect_type`, `effect_num`, `state_type`, `state_num`, `state_round`, `descp`) VALUES (12,1101,2,'吸血獠',0.03,0,0,0,1,2.1,30100,0.3,1,'3%概率触发，造成210%攻击伤害，并恢复最终伤害30%的血量。');
INSERT INTO `cfg_hero_skill` (`id`, `skill_id`, `lv`, `name`, `prob`, `precond`, `precond_num`, `passive`, `effect_type`, `effect_num`, `state_type`, `state_num`, `state_round`, `descp`) VALUES (13,1102,3,'吸血獠',0.03,0,0,0,1,2.2,30100,0.3,1,'3%概率触发，造成220%攻击伤害，并恢复最终伤害30%的血量。');
INSERT INTO `cfg_hero_skill` (`id`, `skill_id`, `lv`, `name`, `prob`, `precond`, `precond_num`, `passive`, `effect_type`, `effect_num`, `state_type`, `state_num`, `state_round`, `descp`) VALUES (14,1103,4,'吸血獠',0.03,0,0,0,1,2.3,30100,0.3,1,'3%概率触发，造成230%攻击伤害，并恢复最终伤害30%的血量。');
INSERT INTO `cfg_hero_skill` (`id`, `skill_id`, `lv`, `name`, `prob`, `precond`, `precond_num`, `passive`, `effect_type`, `effect_num`, `state_type`, `state_num`, `state_round`, `descp`) VALUES (15,1104,5,'吸血獠',0.03,0,0,0,1,2.4,30100,0.3,1,'3%概率触发，造成240%攻击伤害，并恢复最终伤害30%的血量。');
INSERT INTO `cfg_hero_skill` (`id`, `skill_id`, `lv`, `name`, `prob`, `precond`, `precond_num`, `passive`, `effect_type`, `effect_num`, `state_type`, `state_num`, `state_round`, `descp`) VALUES (16,1105,6,'吸血獠',0.03,0,0,0,1,2.5,30100,0.3,1,'3%概率触发，造成250%攻击伤害，并恢复最终伤害30%的血量。');
INSERT INTO `cfg_hero_skill` (`id`, `skill_id`, `lv`, `name`, `prob`, `precond`, `precond_num`, `passive`, `effect_type`, `effect_num`, `state_type`, `state_num`, `state_round`, `descp`) VALUES (17,1106,7,'吸血獠',0.03,0,0,0,1,2.6,30100,0.3,1,'3%概率触发，造成260%攻击伤害，并恢复最终伤害30%的血量。');
INSERT INTO `cfg_hero_skill` (`id`, `skill_id`, `lv`, `name`, `prob`, `precond`, `precond_num`, `passive`, `effect_type`, `effect_num`, `state_type`, `state_num`, `state_round`, `descp`) VALUES (18,1107,8,'吸血獠',0.03,0,0,0,1,2.7,30100,0.3,1,'3%概率触发，造成270%攻击伤害，并恢复最终伤害30%的血量。');
INSERT INTO `cfg_hero_skill` (`id`, `skill_id`, `lv`, `name`, `prob`, `precond`, `precond_num`, `passive`, `effect_type`, `effect_num`, `state_type`, `state_num`, `state_round`, `descp`) VALUES (19,1108,9,'吸血獠',0.03,0,0,0,1,2.8,30100,0.3,1,'3%概率触发，造成280%攻击伤害，并恢复最终伤害30%的血量。');
INSERT INTO `cfg_hero_skill` (`id`, `skill_id`, `lv`, `name`, `prob`, `precond`, `precond_num`, `passive`, `effect_type`, `effect_num`, `state_type`, `state_num`, `state_round`, `descp`) VALUES (20,1109,10,'吸血獠',0.03,0,0,0,1,2.9,30100,0.3,1,'3%概率触发，造成290%攻击伤害，并恢复最终伤害30%的血量。');
INSERT INTO `cfg_hero_skill` (`id`, `skill_id`, `lv`, `name`, `prob`, `precond`, `precond_num`, `passive`, `effect_type`, `effect_num`, `state_type`, `state_num`, `state_round`, `descp`) VALUES (21,1200,1,'束缚锁',0.05,0,0,0,0,0,10200,0,1,'5%概率触发，让对手处于束缚状态无法攻击，持续1个回合。');
INSERT INTO `cfg_hero_skill` (`id`, `skill_id`, `lv`, `name`, `prob`, `precond`, `precond_num`, `passive`, `effect_type`, `effect_num`, `state_type`, `state_num`, `state_round`, `descp`) VALUES (22,1201,2,'束缚锁',0.06,0,0,0,0,0,10200,0,1,'6%概率触发，让对手处于束缚状态无法攻击，持续1个回合。');
INSERT INTO `cfg_hero_skill` (`id`, `skill_id`, `lv`, `name`, `prob`, `precond`, `precond_num`, `passive`, `effect_type`, `effect_num`, `state_type`, `state_num`, `state_round`, `descp`) VALUES (23,1202,3,'束缚锁',0.07,0,0,0,0,0,10200,0,1,'7%概率触发，让对手处于束缚状态无法攻击，持续1个回合。');
INSERT INTO `cfg_hero_skill` (`id`, `skill_id`, `lv`, `name`, `prob`, `precond`, `precond_num`, `passive`, `effect_type`, `effect_num`, `state_type`, `state_num`, `state_round`, `descp`) VALUES (24,1203,4,'束缚锁',0.08,0,0,0,0,0,10200,0,1,'8%概率触发，让对手处于束缚状态无法攻击，持续1个回合。');
INSERT INTO `cfg_hero_skill` (`id`, `skill_id`, `lv`, `name`, `prob`, `precond`, `precond_num`, `passive`, `effect_type`, `effect_num`, `state_type`, `state_num`, `state_round`, `descp`) VALUES (25,1204,5,'束缚锁',0.09,0,0,0,0,0,10200,0,1,'9%概率触发，让对手处于束缚状态无法攻击，持续1个回合。');
INSERT INTO `cfg_hero_skill` (`id`, `skill_id`, `lv`, `name`, `prob`, `precond`, `precond_num`, `passive`, `effect_type`, `effect_num`, `state_type`, `state_num`, `state_round`, `descp`) VALUES (26,1205,6,'束缚锁',0.1,0,0,0,0,0,10200,0,1,'10%概率触发，让对手处于束缚状态无法攻击，持续1个回合。');
INSERT INTO `cfg_hero_skill` (`id`, `skill_id`, `lv`, `name`, `prob`, `precond`, `precond_num`, `passive`, `effect_type`, `effect_num`, `state_type`, `state_num`, `state_round`, `descp`) VALUES (27,1206,7,'束缚锁',0.11,0,0,0,0,0,10200,0,1,'11%概率触发，让对手处于束缚状态无法攻击，持续1个回合。');
INSERT INTO `cfg_hero_skill` (`id`, `skill_id`, `lv`, `name`, `prob`, `precond`, `precond_num`, `passive`, `effect_type`, `effect_num`, `state_type`, `state_num`, `state_round`, `descp`) VALUES (28,1207,8,'束缚锁',0.12,0,0,0,0,0,10200,0,1,'12%概率触发，让对手处于束缚状态无法攻击，持续1个回合。');
INSERT INTO `cfg_hero_skill` (`id`, `skill_id`, `lv`, `name`, `prob`, `precond`, `precond_num`, `passive`, `effect_type`, `effect_num`, `state_type`, `state_num`, `state_round`, `descp`) VALUES (29,1208,9,'束缚锁',0.13,0,0,0,0,0,10200,0,1,'13%概率触发，让对手处于束缚状态无法攻击，持续1个回合。');
INSERT INTO `cfg_hero_skill` (`id`, `skill_id`, `lv`, `name`, `prob`, `precond`, `precond_num`, `passive`, `effect_type`, `effect_num`, `state_type`, `state_num`, `state_round`, `descp`) VALUES (30,1209,10,'束缚锁',0.14,0,0,0,0,0,10200,0,1,'14%概率触发，让对手处于束缚状态无法攻击，持续1个回合。');
INSERT INTO `cfg_hero_skill` (`id`, `skill_id`, `lv`, `name`, `prob`, `precond`, `precond_num`, `passive`, `effect_type`, `effect_num`, `state_type`, `state_num`, `state_round`, `descp`) VALUES (31,1300,1,'禁言术',0.05,0,0,0,1,1,10100,0,3,'5%概率触发，攻击对手造成伤害，并令其无法释放技能持续3回合。');
INSERT INTO `cfg_hero_skill` (`id`, `skill_id`, `lv`, `name`, `prob`, `precond`, `precond_num`, `passive`, `effect_type`, `effect_num`, `state_type`, `state_num`, `state_round`, `descp`) VALUES (32,1301,2,'禁言术',0.06,0,0,0,1,1,10100,0,3,'6%概率触发，攻击对手造成伤害，并令其无法释放技能持续3回合。');
INSERT INTO `cfg_hero_skill` (`id`, `skill_id`, `lv`, `name`, `prob`, `precond`, `precond_num`, `passive`, `effect_type`, `effect_num`, `state_type`, `state_num`, `state_round`, `descp`) VALUES (33,1302,3,'禁言术',0.07,0,0,0,1,1,10100,0,3,'7%概率触发，攻击对手造成伤害，并令其无法释放技能持续3回合。');
INSERT INTO `cfg_hero_skill` (`id`, `skill_id`, `lv`, `name`, `prob`, `precond`, `precond_num`, `passive`, `effect_type`, `effect_num`, `state_type`, `state_num`, `state_round`, `descp`) VALUES (34,1303,4,'禁言术',0.08,0,0,0,1,1,10100,0,3,'8%概率触发，攻击对手造成伤害，并令其无法释放技能持续4回合。');
INSERT INTO `cfg_hero_skill` (`id`, `skill_id`, `lv`, `name`, `prob`, `precond`, `precond_num`, `passive`, `effect_type`, `effect_num`, `state_type`, `state_num`, `state_round`, `descp`) VALUES (35,1304,5,'禁言术',0.09,0,0,0,1,1,10100,0,3,'9%概率触发，攻击对手造成伤害，并令其无法释放技能持续4回合。');
INSERT INTO `cfg_hero_skill` (`id`, `skill_id`, `lv`, `name`, `prob`, `precond`, `precond_num`, `passive`, `effect_type`, `effect_num`, `state_type`, `state_num`, `state_round`, `descp`) VALUES (36,1305,6,'禁言术',0.1,0,0,0,1,1,10100,0,3,'10%概率触发，攻击对手造成伤害，并令其无法释放技能持续4回合。');
INSERT INTO `cfg_hero_skill` (`id`, `skill_id`, `lv`, `name`, `prob`, `precond`, `precond_num`, `passive`, `effect_type`, `effect_num`, `state_type`, `state_num`, `state_round`, `descp`) VALUES (37,1306,7,'禁言术',0.11,0,0,0,1,1,10100,0,3,'11%概率触发，攻击对手造成伤害，并令其无法释放技能持续5回合。');
INSERT INTO `cfg_hero_skill` (`id`, `skill_id`, `lv`, `name`, `prob`, `precond`, `precond_num`, `passive`, `effect_type`, `effect_num`, `state_type`, `state_num`, `state_round`, `descp`) VALUES (38,1307,8,'禁言术',0.12,0,0,0,1,1,10100,0,3,'12%概率触发，攻击对手造成伤害，并令其无法释放技能持续5回合。');
INSERT INTO `cfg_hero_skill` (`id`, `skill_id`, `lv`, `name`, `prob`, `precond`, `precond_num`, `passive`, `effect_type`, `effect_num`, `state_type`, `state_num`, `state_round`, `descp`) VALUES (39,1308,9,'禁言术',0.13,0,0,0,1,1,10100,0,3,'13%概率触发，攻击对手造成伤害，并令其无法释放技能持续5回合。');
INSERT INTO `cfg_hero_skill` (`id`, `skill_id`, `lv`, `name`, `prob`, `precond`, `precond_num`, `passive`, `effect_type`, `effect_num`, `state_type`, `state_num`, `state_round`, `descp`) VALUES (40,1309,10,'禁言术',0.14,0,0,0,1,1,10100,0,3,'14%概率触发，攻击对手造成伤害，并令其无法释放技能持续6回合。');
INSERT INTO `cfg_hero_skill` (`id`, `skill_id`, `lv`, `name`, `prob`, `precond`, `precond_num`, `passive`, `effect_type`, `effect_num`, `state_type`, `state_num`, `state_round`, `descp`) VALUES (41,1400,1,'时空护盾',0.1,1,0.5,0,0,0,20200,1,2,'血量低于50%时，有10%概率触发，为自己增加护盾吸收所有伤害，持续2回合。');
INSERT INTO `cfg_hero_skill` (`id`, `skill_id`, `lv`, `name`, `prob`, `precond`, `precond_num`, `passive`, `effect_type`, `effect_num`, `state_type`, `state_num`, `state_round`, `descp`) VALUES (42,1401,2,'时空护盾',0.11,1,0.5,0,0,0,20200,1,2,'血量低于50%时，有11%概率触发，为自己增加护盾吸收所有伤害，持续2回合。');
INSERT INTO `cfg_hero_skill` (`id`, `skill_id`, `lv`, `name`, `prob`, `precond`, `precond_num`, `passive`, `effect_type`, `effect_num`, `state_type`, `state_num`, `state_round`, `descp`) VALUES (43,1402,3,'时空护盾',0.12,1,0.5,0,0,0,20200,1,2,'血量低于50%时，有12%概率触发，为自己增加护盾吸收所有伤害，持续2回合。');
INSERT INTO `cfg_hero_skill` (`id`, `skill_id`, `lv`, `name`, `prob`, `precond`, `precond_num`, `passive`, `effect_type`, `effect_num`, `state_type`, `state_num`, `state_round`, `descp`) VALUES (44,1403,4,'时空护盾',0.13,1,0.5,0,0,0,20200,1,2,'血量低于50%时，有13%概率触发，为自己增加护盾吸收所有伤害，持续2回合。');
INSERT INTO `cfg_hero_skill` (`id`, `skill_id`, `lv`, `name`, `prob`, `precond`, `precond_num`, `passive`, `effect_type`, `effect_num`, `state_type`, `state_num`, `state_round`, `descp`) VALUES (45,1404,5,'时空护盾',0.14,1,0.5,0,0,0,20200,1,2,'血量低于50%时，有14%概率触发，为自己增加护盾吸收所有伤害，持续2回合。');
INSERT INTO `cfg_hero_skill` (`id`, `skill_id`, `lv`, `name`, `prob`, `precond`, `precond_num`, `passive`, `effect_type`, `effect_num`, `state_type`, `state_num`, `state_round`, `descp`) VALUES (46,1405,6,'时空护盾',0.15,1,0.5,0,0,0,20200,1,2,'血量低于50%时，有15%概率触发，为自己增加护盾吸收所有伤害，持续2回合。');
INSERT INTO `cfg_hero_skill` (`id`, `skill_id`, `lv`, `name`, `prob`, `precond`, `precond_num`, `passive`, `effect_type`, `effect_num`, `state_type`, `state_num`, `state_round`, `descp`) VALUES (47,1406,7,'时空护盾',0.16,1,0.5,0,0,0,20200,1,2,'血量低于50%时，有16%概率触发，为自己增加护盾吸收所有伤害，持续2回合。');
INSERT INTO `cfg_hero_skill` (`id`, `skill_id`, `lv`, `name`, `prob`, `precond`, `precond_num`, `passive`, `effect_type`, `effect_num`, `state_type`, `state_num`, `state_round`, `descp`) VALUES (48,1407,8,'时空护盾',0.17,1,0.5,0,0,0,20200,1,2,'血量低于50%时，有17%概率触发，为自己增加护盾吸收所有伤害，持续2回合。');
INSERT INTO `cfg_hero_skill` (`id`, `skill_id`, `lv`, `name`, `prob`, `precond`, `precond_num`, `passive`, `effect_type`, `effect_num`, `state_type`, `state_num`, `state_round`, `descp`) VALUES (49,1408,9,'时空护盾',0.18,1,0.5,0,0,0,20200,1,2,'血量低于50%时，有18%概率触发，为自己增加护盾吸收所有伤害，持续2回合。');
INSERT INTO `cfg_hero_skill` (`id`, `skill_id`, `lv`, `name`, `prob`, `precond`, `precond_num`, `passive`, `effect_type`, `effect_num`, `state_type`, `state_num`, `state_round`, `descp`) VALUES (50,1409,10,'时空护盾',0.19,1,0.5,0,0,0,20200,1,2,'血量低于50%时，有19%概率触发，为自己增加护盾吸收所有伤害，持续2回合。');
INSERT INTO `cfg_hero_skill` (`id`, `skill_id`, `lv`, `name`, `prob`, `precond`, `precond_num`, `passive`, `effect_type`, `effect_num`, `state_type`, `state_num`, `state_round`, `descp`) VALUES (51,1500,1,'缓冲盾',0.1,0,0,0,2,0.2,20100,0.2,2,'10%概率触发，恢复自身20%总血量，并为自己增加护盾减免20%伤害，持续2回合。');
INSERT INTO `cfg_hero_skill` (`id`, `skill_id`, `lv`, `name`, `prob`, `precond`, `precond_num`, `passive`, `effect_type`, `effect_num`, `state_type`, `state_num`, `state_round`, `descp`) VALUES (52,1501,2,'缓冲盾',0.1,0,0,0,2,0.22,20100,0.22,2,'10%概率触发，恢复自身22%总血量，并为自己增加护盾减免22%伤害，持续2回合。');
INSERT INTO `cfg_hero_skill` (`id`, `skill_id`, `lv`, `name`, `prob`, `precond`, `precond_num`, `passive`, `effect_type`, `effect_num`, `state_type`, `state_num`, `state_round`, `descp`) VALUES (53,1502,3,'缓冲盾',0.1,0,0,0,2,0.24,20100,0.24,2,'10%概率触发，恢复自身24%总血量，并为自己增加护盾减免24%伤害，持续2回合。');
INSERT INTO `cfg_hero_skill` (`id`, `skill_id`, `lv`, `name`, `prob`, `precond`, `precond_num`, `passive`, `effect_type`, `effect_num`, `state_type`, `state_num`, `state_round`, `descp`) VALUES (54,1503,4,'缓冲盾',0.1,0,0,0,2,0.26,20100,0.26,2,'10%概率触发，恢复自身26%总血量，并为自己增加护盾减免26%伤害，持续2回合。');
INSERT INTO `cfg_hero_skill` (`id`, `skill_id`, `lv`, `name`, `prob`, `precond`, `precond_num`, `passive`, `effect_type`, `effect_num`, `state_type`, `state_num`, `state_round`, `descp`) VALUES (55,1504,5,'缓冲盾',0.1,0,0,0,2,0.28,20100,0.28,2,'10%概率触发，恢复自身28%总血量，并为自己增加护盾减免28%伤害，持续2回合。');
INSERT INTO `cfg_hero_skill` (`id`, `skill_id`, `lv`, `name`, `prob`, `precond`, `precond_num`, `passive`, `effect_type`, `effect_num`, `state_type`, `state_num`, `state_round`, `descp`) VALUES (56,1505,6,'缓冲盾',0.1,0,0,0,2,0.3,20100,0.3,2,'10%概率触发，恢复自身30%总血量，并为自己增加护盾减免30%伤害，持续2回合。');
INSERT INTO `cfg_hero_skill` (`id`, `skill_id`, `lv`, `name`, `prob`, `precond`, `precond_num`, `passive`, `effect_type`, `effect_num`, `state_type`, `state_num`, `state_round`, `descp`) VALUES (57,1506,7,'缓冲盾',0.1,0,0,0,2,0.32,20100,0.32,2,'10%概率触发，恢复自身32%总血量，并为自己增加护盾减免32%伤害，持续2回合。');
INSERT INTO `cfg_hero_skill` (`id`, `skill_id`, `lv`, `name`, `prob`, `precond`, `precond_num`, `passive`, `effect_type`, `effect_num`, `state_type`, `state_num`, `state_round`, `descp`) VALUES (58,1507,8,'缓冲盾',0.1,0,0,0,2,0.34,20100,0.34,2,'10%概率触发，恢复自身34%总血量，并为自己增加护盾减免34%伤害，持续2回合。');
INSERT INTO `cfg_hero_skill` (`id`, `skill_id`, `lv`, `name`, `prob`, `precond`, `precond_num`, `passive`, `effect_type`, `effect_num`, `state_type`, `state_num`, `state_round`, `descp`) VALUES (59,1508,9,'缓冲盾',0.1,0,0,0,2,0.36,20100,0.36,2,'10%概率触发，恢复自身36%总血量，并为自己增加护盾减免36%伤害，持续2回合。');
INSERT INTO `cfg_hero_skill` (`id`, `skill_id`, `lv`, `name`, `prob`, `precond`, `precond_num`, `passive`, `effect_type`, `effect_num`, `state_type`, `state_num`, `state_round`, `descp`) VALUES (60,1509,10,'缓冲盾',0.1,0,0,0,2,0.38,20100,0.38,2,'10%概率触发，恢复自身38%总血量，并为自己增加护盾减免38%伤害，持续2回合。');
INSERT INTO `cfg_hero_skill` (`id`, `skill_id`, `lv`, `name`, `prob`, `precond`, `precond_num`, `passive`, `effect_type`, `effect_num`, `state_type`, `state_num`, `state_round`, `descp`) VALUES (61,1600,1,'大复活术',0.06,2,5,0,5,0.2,40200,1,1,'回合大于5回合时有6%概率触发，按敌方总血量20%恢复自身血量，并附加复活状态持续1回合。');
INSERT INTO `cfg_hero_skill` (`id`, `skill_id`, `lv`, `name`, `prob`, `precond`, `precond_num`, `passive`, `effect_type`, `effect_num`, `state_type`, `state_num`, `state_round`, `descp`) VALUES (62,1601,2,'大复活术',0.07,2,5,0,5,0.2,40200,1,1,'回合大于5回合时有7%概率触发，按敌方总血量20%恢复自身血量，并附加复活状态持续1回合。');
INSERT INTO `cfg_hero_skill` (`id`, `skill_id`, `lv`, `name`, `prob`, `precond`, `precond_num`, `passive`, `effect_type`, `effect_num`, `state_type`, `state_num`, `state_round`, `descp`) VALUES (63,1602,3,'大复活术',0.08,2,5,0,5,0.2,40200,1,1,'回合大于5回合时有8%概率触发，按敌方总血量20%恢复自身血量，并附加复活状态持续1回合。');
INSERT INTO `cfg_hero_skill` (`id`, `skill_id`, `lv`, `name`, `prob`, `precond`, `precond_num`, `passive`, `effect_type`, `effect_num`, `state_type`, `state_num`, `state_round`, `descp`) VALUES (64,1603,4,'大复活术',0.09,2,5,0,5,0.2,40200,1,1,'回合大于5回合时有9%概率触发，按敌方总血量20%恢复自身血量，并附加复活状态持续1回合。');
INSERT INTO `cfg_hero_skill` (`id`, `skill_id`, `lv`, `name`, `prob`, `precond`, `precond_num`, `passive`, `effect_type`, `effect_num`, `state_type`, `state_num`, `state_round`, `descp`) VALUES (65,1604,5,'大复活术',0.1,2,5,0,5,0.2,40200,1,1,'回合大于5回合时有10%概率触发，按敌方总血量20%恢复自身血量，并附加复活状态持续1回合。');
INSERT INTO `cfg_hero_skill` (`id`, `skill_id`, `lv`, `name`, `prob`, `precond`, `precond_num`, `passive`, `effect_type`, `effect_num`, `state_type`, `state_num`, `state_round`, `descp`) VALUES (66,1605,6,'大复活术',0.11,2,5,0,5,0.2,40200,1,1,'回合大于5回合时有11%概率触发，按敌方总血量20%恢复自身血量，并附加复活状态持续1回合。');
INSERT INTO `cfg_hero_skill` (`id`, `skill_id`, `lv`, `name`, `prob`, `precond`, `precond_num`, `passive`, `effect_type`, `effect_num`, `state_type`, `state_num`, `state_round`, `descp`) VALUES (67,1606,7,'大复活术',0.12,2,5,0,5,0.2,40200,1,1,'回合大于5回合时有12%概率触发，按敌方总血量20%恢复自身血量，并附加复活状态持续1回合。');
INSERT INTO `cfg_hero_skill` (`id`, `skill_id`, `lv`, `name`, `prob`, `precond`, `precond_num`, `passive`, `effect_type`, `effect_num`, `state_type`, `state_num`, `state_round`, `descp`) VALUES (68,1607,8,'大复活术',0.13,2,5,0,5,0.2,40200,1,1,'回合大于5回合时有13%概率触发，按敌方总血量20%恢复自身血量，并附加复活状态持续1回合。');
INSERT INTO `cfg_hero_skill` (`id`, `skill_id`, `lv`, `name`, `prob`, `precond`, `precond_num`, `passive`, `effect_type`, `effect_num`, `state_type`, `state_num`, `state_round`, `descp`) VALUES (69,1608,9,'大复活术',0.14,2,5,0,5,0.2,40200,1,1,'回合大于5回合时有14%概率触发，按敌方总血量20%恢复自身血量，并附加复活状态持续1回合。');
INSERT INTO `cfg_hero_skill` (`id`, `skill_id`, `lv`, `name`, `prob`, `precond`, `precond_num`, `passive`, `effect_type`, `effect_num`, `state_type`, `state_num`, `state_round`, `descp`) VALUES (70,1609,10,'大复活术',0.15,2,5,0,5,0.2,40200,1,1,'回合大于5回合时有15%概率触发，按敌方总血量20%恢复自身血量，并附加复活状态持续1回合。');
INSERT INTO `cfg_hero_skill` (`id`, `skill_id`, `lv`, `name`, `prob`, `precond`, `precond_num`, `passive`, `effect_type`, `effect_num`, `state_type`, `state_num`, `state_round`, `descp`) VALUES (71,1700,1,'复原术',0.08,2,5,0,4,0.5,40100,0.25,1,'回合大于5回合时有8%概率触发，按敌方当前血量50%恢复自身血量，并附加复活（复活回血25%），状态持续1回合。');
INSERT INTO `cfg_hero_skill` (`id`, `skill_id`, `lv`, `name`, `prob`, `precond`, `precond_num`, `passive`, `effect_type`, `effect_num`, `state_type`, `state_num`, `state_round`, `descp`) VALUES (72,1701,2,'复原术',0.1,2,5,0,4,0.5,40100,0.25,1,'回合大于5回合时有10%概率触发，按敌方当前血量50%恢复自身血量，并附加复活（复活回血25%），状态持续1回合。');
INSERT INTO `cfg_hero_skill` (`id`, `skill_id`, `lv`, `name`, `prob`, `precond`, `precond_num`, `passive`, `effect_type`, `effect_num`, `state_type`, `state_num`, `state_round`, `descp`) VALUES (73,1702,3,'复原术',0.12,2,5,0,4,0.5,40100,0.25,1,'回合大于5回合时有12%概率触发，按敌方当前血量50%恢复自身血量，并附加复活（复活回血25%），状态持续1回合。');
INSERT INTO `cfg_hero_skill` (`id`, `skill_id`, `lv`, `name`, `prob`, `precond`, `precond_num`, `passive`, `effect_type`, `effect_num`, `state_type`, `state_num`, `state_round`, `descp`) VALUES (74,1703,4,'复原术',0.14,2,5,0,4,0.5,40100,0.25,1,'回合大于5回合时有14%概率触发，按敌方当前血量50%恢复自身血量，并附加复活（复活回血25%），状态持续1回合。');
INSERT INTO `cfg_hero_skill` (`id`, `skill_id`, `lv`, `name`, `prob`, `precond`, `precond_num`, `passive`, `effect_type`, `effect_num`, `state_type`, `state_num`, `state_round`, `descp`) VALUES (75,1704,5,'复原术',0.16,2,5,0,4,0.5,40100,0.25,1,'回合大于5回合时有16%概率触发，按敌方当前血量50%恢复自身血量，并附加复活（复活回血25%），状态持续1回合。');
INSERT INTO `cfg_hero_skill` (`id`, `skill_id`, `lv`, `name`, `prob`, `precond`, `precond_num`, `passive`, `effect_type`, `effect_num`, `state_type`, `state_num`, `state_round`, `descp`) VALUES (76,1705,6,'复原术',0.18,2,5,0,4,0.5,40100,0.25,1,'回合大于5回合时有18%概率触发，按敌方当前血量50%恢复自身血量，并附加复活（复活回血25%），状态持续1回合。');
INSERT INTO `cfg_hero_skill` (`id`, `skill_id`, `lv`, `name`, `prob`, `precond`, `precond_num`, `passive`, `effect_type`, `effect_num`, `state_type`, `state_num`, `state_round`, `descp`) VALUES (77,1706,7,'复原术',0.2,2,5,0,4,0.5,40100,0.25,1,'回合大于5回合时有20%概率触发，按敌方当前血量50%恢复自身血量，并附加复活（复活回血25%），状态持续1回合。');
INSERT INTO `cfg_hero_skill` (`id`, `skill_id`, `lv`, `name`, `prob`, `precond`, `precond_num`, `passive`, `effect_type`, `effect_num`, `state_type`, `state_num`, `state_round`, `descp`) VALUES (78,1707,8,'复原术',0.22,2,5,0,4,0.5,40100,0.25,1,'回合大于5回合时有22%概率触发，按敌方当前血量50%恢复自身血量，并附加复活（复活回血25%），状态持续1回合。');
INSERT INTO `cfg_hero_skill` (`id`, `skill_id`, `lv`, `name`, `prob`, `precond`, `precond_num`, `passive`, `effect_type`, `effect_num`, `state_type`, `state_num`, `state_round`, `descp`) VALUES (79,1708,9,'复原术',0.24,2,5,0,4,0.5,40100,0.25,1,'回合大于5回合时有24%概率触发，按敌方当前血量50%恢复自身血量，并附加复活（复活回血25%），状态持续1回合。');
INSERT INTO `cfg_hero_skill` (`id`, `skill_id`, `lv`, `name`, `prob`, `precond`, `precond_num`, `passive`, `effect_type`, `effect_num`, `state_type`, `state_num`, `state_round`, `descp`) VALUES (80,1709,10,'复原术',0.26,2,5,0,4,0.5,40100,0.25,1,'回合大于5回合时有26%概率触发，按敌方当前血量50%恢复自身血量，并附加复活（复活回血25%），状态持续1回合。');
INSERT INTO `cfg_hero_skill` (`id`, `skill_id`, `lv`, `name`, `prob`, `precond`, `precond_num`, `passive`, `effect_type`, `effect_num`, `state_type`, `state_num`, `state_round`, `descp`) VALUES (81,1800,1,'瞬击',0.1,0,0,0,6,0.3,0,0,0,'10%概率触发，造成敌方当前剩余血量30%的伤害。');
INSERT INTO `cfg_hero_skill` (`id`, `skill_id`, `lv`, `name`, `prob`, `precond`, `precond_num`, `passive`, `effect_type`, `effect_num`, `state_type`, `state_num`, `state_round`, `descp`) VALUES (82,1801,2,'瞬击',0.1,0,0,0,6,0.32,0,0,0,'10%概率触发，造成敌方当前剩余血量32%的伤害。');
INSERT INTO `cfg_hero_skill` (`id`, `skill_id`, `lv`, `name`, `prob`, `precond`, `precond_num`, `passive`, `effect_type`, `effect_num`, `state_type`, `state_num`, `state_round`, `descp`) VALUES (83,1802,3,'瞬击',0.1,0,0,0,6,0.34,0,0,0,'10%概率触发，造成敌方当前剩余血量34%的伤害。');
INSERT INTO `cfg_hero_skill` (`id`, `skill_id`, `lv`, `name`, `prob`, `precond`, `precond_num`, `passive`, `effect_type`, `effect_num`, `state_type`, `state_num`, `state_round`, `descp`) VALUES (84,1803,4,'瞬击',0.1,0,0,0,6,0.36,0,0,0,'10%概率触发，造成敌方当前剩余血量36%的伤害。');
INSERT INTO `cfg_hero_skill` (`id`, `skill_id`, `lv`, `name`, `prob`, `precond`, `precond_num`, `passive`, `effect_type`, `effect_num`, `state_type`, `state_num`, `state_round`, `descp`) VALUES (85,1804,5,'瞬击',0.1,0,0,0,6,0.38,0,0,0,'10%概率触发，造成敌方当前剩余血量38%的伤害。');
INSERT INTO `cfg_hero_skill` (`id`, `skill_id`, `lv`, `name`, `prob`, `precond`, `precond_num`, `passive`, `effect_type`, `effect_num`, `state_type`, `state_num`, `state_round`, `descp`) VALUES (86,1805,6,'瞬击',0.1,0,0,0,6,0.4,0,0,0,'10%概率触发，造成敌方当前剩余血量40%的伤害。');
INSERT INTO `cfg_hero_skill` (`id`, `skill_id`, `lv`, `name`, `prob`, `precond`, `precond_num`, `passive`, `effect_type`, `effect_num`, `state_type`, `state_num`, `state_round`, `descp`) VALUES (87,1806,7,'瞬击',0.1,0,0,0,6,0.42,0,0,0,'10%概率触发，造成敌方当前剩余血量42%的伤害。');
INSERT INTO `cfg_hero_skill` (`id`, `skill_id`, `lv`, `name`, `prob`, `precond`, `precond_num`, `passive`, `effect_type`, `effect_num`, `state_type`, `state_num`, `state_round`, `descp`) VALUES (88,1807,8,'瞬击',0.1,0,0,0,6,0.44,0,0,0,'10%概率触发，造成敌方当前剩余血量44%的伤害。');
INSERT INTO `cfg_hero_skill` (`id`, `skill_id`, `lv`, `name`, `prob`, `precond`, `precond_num`, `passive`, `effect_type`, `effect_num`, `state_type`, `state_num`, `state_round`, `descp`) VALUES (89,1808,9,'瞬击',0.1,0,0,0,6,0.46,0,0,0,'10%概率触发，造成敌方当前剩余血量46%的伤害。');
INSERT INTO `cfg_hero_skill` (`id`, `skill_id`, `lv`, `name`, `prob`, `precond`, `precond_num`, `passive`, `effect_type`, `effect_num`, `state_type`, `state_num`, `state_round`, `descp`) VALUES (90,1809,10,'瞬击',0.1,0,0,0,6,0.48,0,0,0,'10%概率触发，造成敌方当前剩余血量48%的伤害。');
INSERT INTO `cfg_hero_skill` (`id`, `skill_id`, `lv`, `name`, `prob`, `precond`, `precond_num`, `passive`, `effect_type`, `effect_num`, `state_type`, `state_num`, `state_round`, `descp`) VALUES (91,1900,1,'治疗术',0.1,0,0,0,3,0.35,0,0,0,'10%概率触发，恢复自身35%的当前血量。');
INSERT INTO `cfg_hero_skill` (`id`, `skill_id`, `lv`, `name`, `prob`, `precond`, `precond_num`, `passive`, `effect_type`, `effect_num`, `state_type`, `state_num`, `state_round`, `descp`) VALUES (92,1901,2,'治疗术',0.1,0,0,0,3,0.4,0,0,0,'10%概率触发，恢复自身40%的当前血量。');
INSERT INTO `cfg_hero_skill` (`id`, `skill_id`, `lv`, `name`, `prob`, `precond`, `precond_num`, `passive`, `effect_type`, `effect_num`, `state_type`, `state_num`, `state_round`, `descp`) VALUES (93,1902,3,'治疗术',0.1,0,0,0,3,0.45,0,0,0,'10%概率触发，恢复自身45%的当前血量。');
INSERT INTO `cfg_hero_skill` (`id`, `skill_id`, `lv`, `name`, `prob`, `precond`, `precond_num`, `passive`, `effect_type`, `effect_num`, `state_type`, `state_num`, `state_round`, `descp`) VALUES (94,1903,4,'治疗术',0.1,0,0,0,3,0.5,0,0,0,'10%概率触发，恢复自身50%的当前血量。');
INSERT INTO `cfg_hero_skill` (`id`, `skill_id`, `lv`, `name`, `prob`, `precond`, `precond_num`, `passive`, `effect_type`, `effect_num`, `state_type`, `state_num`, `state_round`, `descp`) VALUES (95,1904,5,'治疗术',0.1,0,0,0,3,0.55,0,0,0,'10%概率触发，恢复自身55%的当前血量。');
INSERT INTO `cfg_hero_skill` (`id`, `skill_id`, `lv`, `name`, `prob`, `precond`, `precond_num`, `passive`, `effect_type`, `effect_num`, `state_type`, `state_num`, `state_round`, `descp`) VALUES (96,1905,6,'治疗术',0.1,0,0,0,3,0.6,0,0,0,'10%概率触发，恢复自身60%的当前血量。');
INSERT INTO `cfg_hero_skill` (`id`, `skill_id`, `lv`, `name`, `prob`, `precond`, `precond_num`, `passive`, `effect_type`, `effect_num`, `state_type`, `state_num`, `state_round`, `descp`) VALUES (97,1906,7,'治疗术',0.1,0,0,0,3,0.65,0,0,0,'10%概率触发，恢复自身65%的当前血量。');
INSERT INTO `cfg_hero_skill` (`id`, `skill_id`, `lv`, `name`, `prob`, `precond`, `precond_num`, `passive`, `effect_type`, `effect_num`, `state_type`, `state_num`, `state_round`, `descp`) VALUES (98,1907,8,'治疗术',0.1,0,0,0,3,0.7,0,0,0,'10%概率触发，恢复自身70%的当前血量。');
INSERT INTO `cfg_hero_skill` (`id`, `skill_id`, `lv`, `name`, `prob`, `precond`, `precond_num`, `passive`, `effect_type`, `effect_num`, `state_type`, `state_num`, `state_round`, `descp`) VALUES (99,1908,9,'治疗术',0.1,0,0,0,3,0.75,0,0,0,'10%概率触发，恢复自身75%的当前血量。');
INSERT INTO `cfg_hero_skill` (`id`, `skill_id`, `lv`, `name`, `prob`, `precond`, `precond_num`, `passive`, `effect_type`, `effect_num`, `state_type`, `state_num`, `state_round`, `descp`) VALUES (100,1909,10,'治疗术',0.1,0,0,0,3,0.8,0,0,0,'10%概率触发，恢复自身80%的当前血量。');
INSERT INTO `cfg_hero_skill` (`id`, `skill_id`, `lv`, `name`, `prob`, `precond`, `precond_num`, `passive`, `effect_type`, `effect_num`, `state_type`, `state_num`, `state_round`, `descp`) VALUES (101,5100,1,'攻击加强',1,0,0,1,11,10,0,0,0,'被动技能，提升自己攻击力10点。');
INSERT INTO `cfg_hero_skill` (`id`, `skill_id`, `lv`, `name`, `prob`, `precond`, `precond_num`, `passive`, `effect_type`, `effect_num`, `state_type`, `state_num`, `state_round`, `descp`) VALUES (102,5101,2,'攻击加强',1,0,0,1,11,20,0,0,0,'被动技能，提升自己攻击力20点。');
INSERT INTO `cfg_hero_skill` (`id`, `skill_id`, `lv`, `name`, `prob`, `precond`, `precond_num`, `passive`, `effect_type`, `effect_num`, `state_type`, `state_num`, `state_round`, `descp`) VALUES (103,5102,3,'攻击加强',1,0,0,1,11,30,0,0,0,'被动技能，提升自己攻击力30点。');
INSERT INTO `cfg_hero_skill` (`id`, `skill_id`, `lv`, `name`, `prob`, `precond`, `precond_num`, `passive`, `effect_type`, `effect_num`, `state_type`, `state_num`, `state_round`, `descp`) VALUES (104,5103,4,'攻击加强',1,0,0,1,11,40,0,0,0,'被动技能，提升自己攻击力40点。');
INSERT INTO `cfg_hero_skill` (`id`, `skill_id`, `lv`, `name`, `prob`, `precond`, `precond_num`, `passive`, `effect_type`, `effect_num`, `state_type`, `state_num`, `state_round`, `descp`) VALUES (105,5104,5,'攻击加强',1,0,0,1,11,50,0,0,0,'被动技能，提升自己攻击力50点。');
INSERT INTO `cfg_hero_skill` (`id`, `skill_id`, `lv`, `name`, `prob`, `precond`, `precond_num`, `passive`, `effect_type`, `effect_num`, `state_type`, `state_num`, `state_round`, `descp`) VALUES (106,5105,6,'攻击加强',1,0,0,1,11,60,0,0,0,'被动技能，提升自己攻击力60点。');
INSERT INTO `cfg_hero_skill` (`id`, `skill_id`, `lv`, `name`, `prob`, `precond`, `precond_num`, `passive`, `effect_type`, `effect_num`, `state_type`, `state_num`, `state_round`, `descp`) VALUES (107,5106,7,'攻击加强',1,0,0,1,11,70,0,0,0,'被动技能，提升自己攻击力70点。');
INSERT INTO `cfg_hero_skill` (`id`, `skill_id`, `lv`, `name`, `prob`, `precond`, `precond_num`, `passive`, `effect_type`, `effect_num`, `state_type`, `state_num`, `state_round`, `descp`) VALUES (108,5107,8,'攻击加强',1,0,0,1,11,80,0,0,0,'被动技能，提升自己攻击力80点。');
INSERT INTO `cfg_hero_skill` (`id`, `skill_id`, `lv`, `name`, `prob`, `precond`, `precond_num`, `passive`, `effect_type`, `effect_num`, `state_type`, `state_num`, `state_round`, `descp`) VALUES (109,5108,9,'攻击加强',1,0,0,1,11,90,0,0,0,'被动技能，提升自己攻击力90点。');
INSERT INTO `cfg_hero_skill` (`id`, `skill_id`, `lv`, `name`, `prob`, `precond`, `precond_num`, `passive`, `effect_type`, `effect_num`, `state_type`, `state_num`, `state_round`, `descp`) VALUES (110,5109,10,'攻击加强',1,0,0,1,11,100,0,0,0,'被动技能，提升自己攻击力100点。');
INSERT INTO `cfg_hero_skill` (`id`, `skill_id`, `lv`, `name`, `prob`, `precond`, `precond_num`, `passive`, `effect_type`, `effect_num`, `state_type`, `state_num`, `state_round`, `descp`) VALUES (111,5200,1,'血量增加',1,0,0,1,12,100,0,0,0,'被动技能，提升自己100点血量值。');
INSERT INTO `cfg_hero_skill` (`id`, `skill_id`, `lv`, `name`, `prob`, `precond`, `precond_num`, `passive`, `effect_type`, `effect_num`, `state_type`, `state_num`, `state_round`, `descp`) VALUES (112,5201,2,'血量增加',1,0,0,1,12,200,0,0,0,'被动技能，提升自己200点血量值。');
INSERT INTO `cfg_hero_skill` (`id`, `skill_id`, `lv`, `name`, `prob`, `precond`, `precond_num`, `passive`, `effect_type`, `effect_num`, `state_type`, `state_num`, `state_round`, `descp`) VALUES (113,5202,3,'血量增加',1,0,0,1,12,300,0,0,0,'被动技能，提升自己300点血量值。');
INSERT INTO `cfg_hero_skill` (`id`, `skill_id`, `lv`, `name`, `prob`, `precond`, `precond_num`, `passive`, `effect_type`, `effect_num`, `state_type`, `state_num`, `state_round`, `descp`) VALUES (114,5203,4,'血量增加',1,0,0,1,12,400,0,0,0,'被动技能，提升自己400点血量值。');
INSERT INTO `cfg_hero_skill` (`id`, `skill_id`, `lv`, `name`, `prob`, `precond`, `precond_num`, `passive`, `effect_type`, `effect_num`, `state_type`, `state_num`, `state_round`, `descp`) VALUES (115,5204,5,'血量增加',1,0,0,1,12,500,0,0,0,'被动技能，提升自己500点血量值。');
INSERT INTO `cfg_hero_skill` (`id`, `skill_id`, `lv`, `name`, `prob`, `precond`, `precond_num`, `passive`, `effect_type`, `effect_num`, `state_type`, `state_num`, `state_round`, `descp`) VALUES (116,5205,6,'血量增加',1,0,0,1,12,600,0,0,0,'被动技能，提升自己600点血量值。');
INSERT INTO `cfg_hero_skill` (`id`, `skill_id`, `lv`, `name`, `prob`, `precond`, `precond_num`, `passive`, `effect_type`, `effect_num`, `state_type`, `state_num`, `state_round`, `descp`) VALUES (117,5206,7,'血量增加',1,0,0,1,12,700,0,0,0,'被动技能，提升自己700点血量值。');
INSERT INTO `cfg_hero_skill` (`id`, `skill_id`, `lv`, `name`, `prob`, `precond`, `precond_num`, `passive`, `effect_type`, `effect_num`, `state_type`, `state_num`, `state_round`, `descp`) VALUES (118,5207,8,'血量增加',1,0,0,1,12,800,0,0,0,'被动技能，提升自己800点血量值。');
INSERT INTO `cfg_hero_skill` (`id`, `skill_id`, `lv`, `name`, `prob`, `precond`, `precond_num`, `passive`, `effect_type`, `effect_num`, `state_type`, `state_num`, `state_round`, `descp`) VALUES (119,5208,9,'血量增加',1,0,0,1,12,900,0,0,0,'被动技能，提升自己900点血量值。');
INSERT INTO `cfg_hero_skill` (`id`, `skill_id`, `lv`, `name`, `prob`, `precond`, `precond_num`, `passive`, `effect_type`, `effect_num`, `state_type`, `state_num`, `state_round`, `descp`) VALUES (120,5209,10,'血量增加',1,0,0,1,12,1000,0,0,0,'被动技能，提升自己1000点血量值。');
INSERT INTO `cfg_hero_skill` (`id`, `skill_id`, `lv`, `name`, `prob`, `precond`, `precond_num`, `passive`, `effect_type`, `effect_num`, `state_type`, `state_num`, `state_round`, `descp`) VALUES (121,5300,1,'命中提升',1,0,0,1,13,3,0,0,0,'被动技能，提升自己3点命中值。');
INSERT INTO `cfg_hero_skill` (`id`, `skill_id`, `lv`, `name`, `prob`, `precond`, `precond_num`, `passive`, `effect_type`, `effect_num`, `state_type`, `state_num`, `state_round`, `descp`) VALUES (122,5301,2,'命中提升',1,0,0,1,13,6,0,0,0,'被动技能，提升自己6点命中值。');
INSERT INTO `cfg_hero_skill` (`id`, `skill_id`, `lv`, `name`, `prob`, `precond`, `precond_num`, `passive`, `effect_type`, `effect_num`, `state_type`, `state_num`, `state_round`, `descp`) VALUES (123,5302,3,'命中提升',1,0,0,1,13,9,0,0,0,'被动技能，提升自己9点命中值。');
INSERT INTO `cfg_hero_skill` (`id`, `skill_id`, `lv`, `name`, `prob`, `precond`, `precond_num`, `passive`, `effect_type`, `effect_num`, `state_type`, `state_num`, `state_round`, `descp`) VALUES (124,5303,4,'命中提升',1,0,0,1,13,12,0,0,0,'被动技能，提升自己12点命中值。');
INSERT INTO `cfg_hero_skill` (`id`, `skill_id`, `lv`, `name`, `prob`, `precond`, `precond_num`, `passive`, `effect_type`, `effect_num`, `state_type`, `state_num`, `state_round`, `descp`) VALUES (125,5304,5,'命中提升',1,0,0,1,13,15,0,0,0,'被动技能，提升自己15点命中值。');
INSERT INTO `cfg_hero_skill` (`id`, `skill_id`, `lv`, `name`, `prob`, `precond`, `precond_num`, `passive`, `effect_type`, `effect_num`, `state_type`, `state_num`, `state_round`, `descp`) VALUES (126,5305,6,'命中提升',1,0,0,1,13,18,0,0,0,'被动技能，提升自己18点命中值。');
INSERT INTO `cfg_hero_skill` (`id`, `skill_id`, `lv`, `name`, `prob`, `precond`, `precond_num`, `passive`, `effect_type`, `effect_num`, `state_type`, `state_num`, `state_round`, `descp`) VALUES (127,5306,7,'命中提升',1,0,0,1,13,21,0,0,0,'被动技能，提升自己21点命中值。');
INSERT INTO `cfg_hero_skill` (`id`, `skill_id`, `lv`, `name`, `prob`, `precond`, `precond_num`, `passive`, `effect_type`, `effect_num`, `state_type`, `state_num`, `state_round`, `descp`) VALUES (128,5307,8,'命中提升',1,0,0,1,13,24,0,0,0,'被动技能，提升自己24点命中值。');
INSERT INTO `cfg_hero_skill` (`id`, `skill_id`, `lv`, `name`, `prob`, `precond`, `precond_num`, `passive`, `effect_type`, `effect_num`, `state_type`, `state_num`, `state_round`, `descp`) VALUES (129,5308,9,'命中提升',1,0,0,1,13,27,0,0,0,'被动技能，提升自己27点命中值。');
INSERT INTO `cfg_hero_skill` (`id`, `skill_id`, `lv`, `name`, `prob`, `precond`, `precond_num`, `passive`, `effect_type`, `effect_num`, `state_type`, `state_num`, `state_round`, `descp`) VALUES (130,5309,10,'命中提升',1,0,0,1,13,30,0,0,0,'被动技能，提升自己30点命中值。');
INSERT INTO `cfg_hero_skill` (`id`, `skill_id`, `lv`, `name`, `prob`, `precond`, `precond_num`, `passive`, `effect_type`, `effect_num`, `state_type`, `state_num`, `state_round`, `descp`) VALUES (131,5400,1,'闪避加强',1,0,0,1,14,3,0,0,0,'被动技能，提升自己3点闪避值。');
INSERT INTO `cfg_hero_skill` (`id`, `skill_id`, `lv`, `name`, `prob`, `precond`, `precond_num`, `passive`, `effect_type`, `effect_num`, `state_type`, `state_num`, `state_round`, `descp`) VALUES (132,5401,2,'闪避加强',1,0,0,1,14,6,0,0,0,'被动技能，提升自己6点闪避值。');
INSERT INTO `cfg_hero_skill` (`id`, `skill_id`, `lv`, `name`, `prob`, `precond`, `precond_num`, `passive`, `effect_type`, `effect_num`, `state_type`, `state_num`, `state_round`, `descp`) VALUES (133,5402,3,'闪避加强',1,0,0,1,14,9,0,0,0,'被动技能，提升自己9点闪避值。');
INSERT INTO `cfg_hero_skill` (`id`, `skill_id`, `lv`, `name`, `prob`, `precond`, `precond_num`, `passive`, `effect_type`, `effect_num`, `state_type`, `state_num`, `state_round`, `descp`) VALUES (134,5403,4,'闪避加强',1,0,0,1,14,12,0,0,0,'被动技能，提升自己12点闪避值。');
INSERT INTO `cfg_hero_skill` (`id`, `skill_id`, `lv`, `name`, `prob`, `precond`, `precond_num`, `passive`, `effect_type`, `effect_num`, `state_type`, `state_num`, `state_round`, `descp`) VALUES (135,5404,5,'闪避加强',1,0,0,1,14,15,0,0,0,'被动技能，提升自己15点闪避值。');
INSERT INTO `cfg_hero_skill` (`id`, `skill_id`, `lv`, `name`, `prob`, `precond`, `precond_num`, `passive`, `effect_type`, `effect_num`, `state_type`, `state_num`, `state_round`, `descp`) VALUES (136,5405,6,'闪避加强',1,0,0,1,14,18,0,0,0,'被动技能，提升自己18点闪避值。');
INSERT INTO `cfg_hero_skill` (`id`, `skill_id`, `lv`, `name`, `prob`, `precond`, `precond_num`, `passive`, `effect_type`, `effect_num`, `state_type`, `state_num`, `state_round`, `descp`) VALUES (137,5406,7,'闪避加强',1,0,0,1,14,21,0,0,0,'被动技能，提升自己21点闪避值。');
INSERT INTO `cfg_hero_skill` (`id`, `skill_id`, `lv`, `name`, `prob`, `precond`, `precond_num`, `passive`, `effect_type`, `effect_num`, `state_type`, `state_num`, `state_round`, `descp`) VALUES (138,5407,8,'闪避加强',1,0,0,1,14,24,0,0,0,'被动技能，提升自己24点闪避值。');
INSERT INTO `cfg_hero_skill` (`id`, `skill_id`, `lv`, `name`, `prob`, `precond`, `precond_num`, `passive`, `effect_type`, `effect_num`, `state_type`, `state_num`, `state_round`, `descp`) VALUES (139,5408,9,'闪避加强',1,0,0,1,14,27,0,0,0,'被动技能，提升自己27点闪避值。');
INSERT INTO `cfg_hero_skill` (`id`, `skill_id`, `lv`, `name`, `prob`, `precond`, `precond_num`, `passive`, `effect_type`, `effect_num`, `state_type`, `state_num`, `state_round`, `descp`) VALUES (140,5409,10,'闪避加强',1,0,0,1,14,30,0,0,0,'被动技能，提升自己30点闪避值。');
INSERT INTO `cfg_hero_skill` (`id`, `skill_id`, `lv`, `name`, `prob`, `precond`, `precond_num`, `passive`, `effect_type`, `effect_num`, `state_type`, `state_num`, `state_round`, `descp`) VALUES (141,5500,1,'先攻强化',1,0,0,1,15,3,0,0,0,'被动技能，提升自己3点先攻值。');
INSERT INTO `cfg_hero_skill` (`id`, `skill_id`, `lv`, `name`, `prob`, `precond`, `precond_num`, `passive`, `effect_type`, `effect_num`, `state_type`, `state_num`, `state_round`, `descp`) VALUES (142,5501,2,'先攻强化',1,0,0,1,15,6,0,0,0,'被动技能，提升自己6点先攻值。');
INSERT INTO `cfg_hero_skill` (`id`, `skill_id`, `lv`, `name`, `prob`, `precond`, `precond_num`, `passive`, `effect_type`, `effect_num`, `state_type`, `state_num`, `state_round`, `descp`) VALUES (143,5502,3,'先攻强化',1,0,0,1,15,9,0,0,0,'被动技能，提升自己9点先攻值。');
INSERT INTO `cfg_hero_skill` (`id`, `skill_id`, `lv`, `name`, `prob`, `precond`, `precond_num`, `passive`, `effect_type`, `effect_num`, `state_type`, `state_num`, `state_round`, `descp`) VALUES (144,5503,4,'先攻强化',1,0,0,1,15,12,0,0,0,'被动技能，提升自己12点先攻值。');
INSERT INTO `cfg_hero_skill` (`id`, `skill_id`, `lv`, `name`, `prob`, `precond`, `precond_num`, `passive`, `effect_type`, `effect_num`, `state_type`, `state_num`, `state_round`, `descp`) VALUES (145,5504,5,'先攻强化',1,0,0,1,15,15,0,0,0,'被动技能，提升自己15点先攻值。');
INSERT INTO `cfg_hero_skill` (`id`, `skill_id`, `lv`, `name`, `prob`, `precond`, `precond_num`, `passive`, `effect_type`, `effect_num`, `state_type`, `state_num`, `state_round`, `descp`) VALUES (146,5505,6,'先攻强化',1,0,0,1,15,18,0,0,0,'被动技能，提升自己18点先攻值。');
INSERT INTO `cfg_hero_skill` (`id`, `skill_id`, `lv`, `name`, `prob`, `precond`, `precond_num`, `passive`, `effect_type`, `effect_num`, `state_type`, `state_num`, `state_round`, `descp`) VALUES (147,5506,7,'先攻强化',1,0,0,1,15,21,0,0,0,'被动技能，提升自己21点先攻值。');
INSERT INTO `cfg_hero_skill` (`id`, `skill_id`, `lv`, `name`, `prob`, `precond`, `precond_num`, `passive`, `effect_type`, `effect_num`, `state_type`, `state_num`, `state_round`, `descp`) VALUES (148,5507,8,'先攻强化',1,0,0,1,15,24,0,0,0,'被动技能，提升自己24点先攻值。');
INSERT INTO `cfg_hero_skill` (`id`, `skill_id`, `lv`, `name`, `prob`, `precond`, `precond_num`, `passive`, `effect_type`, `effect_num`, `state_type`, `state_num`, `state_round`, `descp`) VALUES (149,5508,9,'先攻强化',1,0,0,1,15,27,0,0,0,'被动技能，提升自己27点先攻值。');



INSERT INTO `cfg_hero_smelt` (`id`, `quality`, `fragment`, `lotteryRatio`, `lotteryType`) VALUES (1,1,50,0.5,2);
INSERT INTO `cfg_hero_smelt` (`id`, `quality`, `fragment`, `lotteryRatio`, `lotteryType`) VALUES (2,2,100,0.3,2);
INSERT INTO `cfg_hero_smelt` (`id`, `quality`, `fragment`, `lotteryRatio`, `lotteryType`) VALUES (3,3,200,0.2,1);
INSERT INTO `cfg_hero_smelt` (`id`, `quality`, `fragment`, `lotteryRatio`, `lotteryType`) VALUES (4,4,400,0.1,3);
INSERT INTO `cfg_hero_smelt` (`id`, `quality`, `fragment`, `lotteryRatio`, `lotteryType`) VALUES (5,5,600,0.05,4);



INSERT INTO `cfg_item` (`id`, `name`, `type`, `quality`, `gold`, `max_num`, `logic_type`, `logic_ids`, `logic_nums`, `cost_ids`, `cost_nums`) VALUES (500100, '初级升星材料I',1,1,100,99,1, '500200', '1', '500100,100000', '10,1000');
INSERT INTO `cfg_item` (`id`, `name`, `type`, `quality`, `gold`, `max_num`, `logic_type`, `logic_ids`, `logic_nums`, `cost_ids`, `cost_nums`) VALUES (500101, '初级升星材料II',1,1,100,99,1, '500201', '1', '500101,100000', '10,1000');
INSERT INTO `cfg_item` (`id`, `name`, `type`, `quality`, `gold`, `max_num`, `logic_type`, `logic_ids`, `logic_nums`, `cost_ids`, `cost_nums`) VALUES (500102, '初级升星材料III',1,1,100,99,1, '500202', '1', '500102,100000', '10,1000');
INSERT INTO `cfg_item` (`id`, `name`, `type`, `quality`, `gold`, `max_num`, `logic_type`, `logic_ids`, `logic_nums`, `cost_ids`, `cost_nums`) VALUES (500103, '初级升星材料IV',1,1,100,99,1, '500203', '1', '500103,100000', '10,1000');
INSERT INTO `cfg_item` (`id`, `name`, `type`, `quality`, `gold`, `max_num`, `logic_type`, `logic_ids`, `logic_nums`, `cost_ids`, `cost_nums`) VALUES (500200, '中级升星材料I',1,1,200,99,1, '500300', '1', '500200,100000', '10,2000');
INSERT INTO `cfg_item` (`id`, `name`, `type`, `quality`, `gold`, `max_num`, `logic_type`, `logic_ids`, `logic_nums`, `cost_ids`, `cost_nums`) VALUES (500201, '中级升星材料II',1,1,200,99,1, '500301', '1', '500201,100000', '10,2000');
INSERT INTO `cfg_item` (`id`, `name`, `type`, `quality`, `gold`, `max_num`, `logic_type`, `logic_ids`, `logic_nums`, `cost_ids`, `cost_nums`) VALUES (500202, '中级升星材料III',1,1,200,99,1, '500302', '1', '500202,100000', '10,2000');
INSERT INTO `cfg_item` (`id`, `name`, `type`, `quality`, `gold`, `max_num`, `logic_type`, `logic_ids`, `logic_nums`, `cost_ids`, `cost_nums`) VALUES (500203, '中级升星材料IV',1,1,200,99,1, '500303', '1', '500203,100000', '10,2000');
INSERT INTO `cfg_item` (`id`, `name`, `type`, `quality`, `gold`, `max_num`, `logic_type`, `logic_ids`, `logic_nums`, `cost_ids`, `cost_nums`) VALUES (500300, '高级升星材料I',1,1,300,99,1, '500400', '1', '500300,100000', '10,3000');
INSERT INTO `cfg_item` (`id`, `name`, `type`, `quality`, `gold`, `max_num`, `logic_type`, `logic_ids`, `logic_nums`, `cost_ids`, `cost_nums`) VALUES (500301, '高级升星材料II',1,1,300,99,1, '500401', '1', '500301,100000', '10,3000');
INSERT INTO `cfg_item` (`id`, `name`, `type`, `quality`, `gold`, `max_num`, `logic_type`, `logic_ids`, `logic_nums`, `cost_ids`, `cost_nums`) VALUES (500302, '高级升星材料III',1,1,300,99,1, '500402', '1', '500302,100000', '10,3000');
INSERT INTO `cfg_item` (`id`, `name`, `type`, `quality`, `gold`, `max_num`, `logic_type`, `logic_ids`, `logic_nums`, `cost_ids`, `cost_nums`) VALUES (500303, '高级升星材料IV',1,1,300,99,1, '500403', '1', '500303,100000', '10,3000');
INSERT INTO `cfg_item` (`id`, `name`, `type`, `quality`, `gold`, `max_num`, `logic_type`, `logic_ids`, `logic_nums`, `cost_ids`, `cost_nums`) VALUES (500400, '特级升星材料I',1,1,400,99,1, '500500', '1', '500400,100000', '10,4000');
INSERT INTO `cfg_item` (`id`, `name`, `type`, `quality`, `gold`, `max_num`, `logic_type`, `logic_ids`, `logic_nums`, `cost_ids`, `cost_nums`) VALUES (500401, '特级升星材料II',1,1,400,99,1, '500501', '1', '500401,100000', '10,4000');
INSERT INTO `cfg_item` (`id`, `name`, `type`, `quality`, `gold`, `max_num`, `logic_type`, `logic_ids`, `logic_nums`, `cost_ids`, `cost_nums`) VALUES (500402, '特级升星材料III',1,1,400,99,1, '500502', '1', '500402,100000', '10,4000');
INSERT INTO `cfg_item` (`id`, `name`, `type`, `quality`, `gold`, `max_num`, `logic_type`, `logic_ids`, `logic_nums`, `cost_ids`, `cost_nums`) VALUES (500403, '特级升星材料IV',1,1,400,99,1, '500503', '1', '500403,100000', '10,4000');
INSERT INTO `cfg_item` (`id`, `name`, `type`, `quality`, `gold`, `max_num`, `logic_type`, `logic_ids`, `logic_nums`, `cost_ids`, `cost_nums`) VALUES (500500, '神级升星材料I',1,1,500,99,0, '0', '0', '0', '0');
INSERT INTO `cfg_item` (`id`, `name`, `type`, `quality`, `gold`, `max_num`, `logic_type`, `logic_ids`, `logic_nums`, `cost_ids`, `cost_nums`) VALUES (500501, '神级升星材料II',1,1,500,99,0, '0', '0', '0', '0');
INSERT INTO `cfg_item` (`id`, `name`, `type`, `quality`, `gold`, `max_num`, `logic_type`, `logic_ids`, `logic_nums`, `cost_ids`, `cost_nums`) VALUES (500502, '神级升星材料III',1,1,500,99,0, '0', '0', '0', '0');
INSERT INTO `cfg_item` (`id`, `name`, `type`, `quality`, `gold`, `max_num`, `logic_type`, `logic_ids`, `logic_nums`, `cost_ids`, `cost_nums`) VALUES (500503, '神级升星材料IV',1,1,500,99,0, '0', '0', '0', '0');
INSERT INTO `cfg_item` (`id`, `name`, `type`, `quality`, `gold`, `max_num`, `logic_type`, `logic_ids`, `logic_nums`, `cost_ids`, `cost_nums`) VALUES (510100, '初级进化材料I',1,1,100,99,1, '510200', '1', '510100,100000', '10,1000');
INSERT INTO `cfg_item` (`id`, `name`, `type`, `quality`, `gold`, `max_num`, `logic_type`, `logic_ids`, `logic_nums`, `cost_ids`, `cost_nums`) VALUES (510101, '初级进化材料II',1,1,100,99,1, '510201', '1', '510101,100000', '10,1000');
INSERT INTO `cfg_item` (`id`, `name`, `type`, `quality`, `gold`, `max_num`, `logic_type`, `logic_ids`, `logic_nums`, `cost_ids`, `cost_nums`) VALUES (510102, '初级进化材料III',1,1,100,99,1, '510202', '1', '510102,100000', '10,1000');
INSERT INTO `cfg_item` (`id`, `name`, `type`, `quality`, `gold`, `max_num`, `logic_type`, `logic_ids`, `logic_nums`, `cost_ids`, `cost_nums`) VALUES (510103, '初级进化材料IV',1,1,100,99,1, '510203', '1', '510103,100000', '10,1000');
INSERT INTO `cfg_item` (`id`, `name`, `type`, `quality`, `gold`, `max_num`, `logic_type`, `logic_ids`, `logic_nums`, `cost_ids`, `cost_nums`) VALUES (510200, '中级进化材料I',1,1,200,99,1, '510300', '1', '510200,100000', '10,2000');
INSERT INTO `cfg_item` (`id`, `name`, `type`, `quality`, `gold`, `max_num`, `logic_type`, `logic_ids`, `logic_nums`, `cost_ids`, `cost_nums`) VALUES (510201, '中级进化材料II',1,1,200,99,1, '510301', '1', '510201,100000', '10,2000');
INSERT INTO `cfg_item` (`id`, `name`, `type`, `quality`, `gold`, `max_num`, `logic_type`, `logic_ids`, `logic_nums`, `cost_ids`, `cost_nums`) VALUES (510202, '中级进化材料III',1,1,200,99,1, '510302', '1', '510202,100000', '10,2000');
INSERT INTO `cfg_item` (`id`, `name`, `type`, `quality`, `gold`, `max_num`, `logic_type`, `logic_ids`, `logic_nums`, `cost_ids`, `cost_nums`) VALUES (510203, '中级进化材料IV',1,1,200,99,1, '510303', '1', '510203,100000', '10,2000');
INSERT INTO `cfg_item` (`id`, `name`, `type`, `quality`, `gold`, `max_num`, `logic_type`, `logic_ids`, `logic_nums`, `cost_ids`, `cost_nums`) VALUES (510300, '高级进化材料I',1,1,300,99,1, '510400', '1', '510300,100000', '10,3000');
INSERT INTO `cfg_item` (`id`, `name`, `type`, `quality`, `gold`, `max_num`, `logic_type`, `logic_ids`, `logic_nums`, `cost_ids`, `cost_nums`) VALUES (510301, '高级进化材料II',1,1,300,99,1, '510401', '1', '510301,100000', '10,3000');
INSERT INTO `cfg_item` (`id`, `name`, `type`, `quality`, `gold`, `max_num`, `logic_type`, `logic_ids`, `logic_nums`, `cost_ids`, `cost_nums`) VALUES (510302, '高级进化材料III',1,1,300,99,1, '510402', '1', '510302,100000', '10,3000');
INSERT INTO `cfg_item` (`id`, `name`, `type`, `quality`, `gold`, `max_num`, `logic_type`, `logic_ids`, `logic_nums`, `cost_ids`, `cost_nums`) VALUES (510303, '高级进化材料IV',1,1,300,99,1, '510403', '1', '510303,100000', '10,3000');
INSERT INTO `cfg_item` (`id`, `name`, `type`, `quality`, `gold`, `max_num`, `logic_type`, `logic_ids`, `logic_nums`, `cost_ids`, `cost_nums`) VALUES (510400, '特级进化材料I',1,1,400,99,1, '510500', '1', '510400,100000', '10,4000');
INSERT INTO `cfg_item` (`id`, `name`, `type`, `quality`, `gold`, `max_num`, `logic_type`, `logic_ids`, `logic_nums`, `cost_ids`, `cost_nums`) VALUES (510401, '特级进化材料II',1,1,400,99,1, '510501', '1', '510401,100000', '10,4000');
INSERT INTO `cfg_item` (`id`, `name`, `type`, `quality`, `gold`, `max_num`, `logic_type`, `logic_ids`, `logic_nums`, `cost_ids`, `cost_nums`) VALUES (510402, '特级进化材料III',1,1,400,99,1, '510502', '1', '510402,100000', '10,4000');
INSERT INTO `cfg_item` (`id`, `name`, `type`, `quality`, `gold`, `max_num`, `logic_type`, `logic_ids`, `logic_nums`, `cost_ids`, `cost_nums`) VALUES (510403, '特级进化材料IV',1,1,400,99,1, '510503', '1', '510403,100000', '10,4000');
INSERT INTO `cfg_item` (`id`, `name`, `type`, `quality`, `gold`, `max_num`, `logic_type`, `logic_ids`, `logic_nums`, `cost_ids`, `cost_nums`) VALUES (510500, '神级进化材料I',1,1,500,99,0, '0', '0', '0', '0');
INSERT INTO `cfg_item` (`id`, `name`, `type`, `quality`, `gold`, `max_num`, `logic_type`, `logic_ids`, `logic_nums`, `cost_ids`, `cost_nums`) VALUES (510501, '神级进化材料II',1,1,500,99,0, '0', '0', '0', '0');
INSERT INTO `cfg_item` (`id`, `name`, `type`, `quality`, `gold`, `max_num`, `logic_type`, `logic_ids`, `logic_nums`, `cost_ids`, `cost_nums`) VALUES (510502, '神级进化材料III',1,1,500,99,0, '0', '0', '0', '0');
INSERT INTO `cfg_item` (`id`, `name`, `type`, `quality`, `gold`, `max_num`, `logic_type`, `logic_ids`, `logic_nums`, `cost_ids`, `cost_nums`) VALUES (510503, '神级进化材料IV',1,1,500,99,0, '0', '0', '0', '0');
INSERT INTO `cfg_item` (`id`, `name`, `type`, `quality`, `gold`, `max_num`, `logic_type`, `logic_ids`, `logic_nums`, `cost_ids`, `cost_nums`) VALUES (520100, '初级宝具强化材料I',1,1,100,99,1, '520200', '1', '520100,100000', '10,1000');
INSERT INTO `cfg_item` (`id`, `name`, `type`, `quality`, `gold`, `max_num`, `logic_type`, `logic_ids`, `logic_nums`, `cost_ids`, `cost_nums`) VALUES (520101, '初级宝具强化材料II',1,1,100,99,1, '520201', '1', '520101,100000', '10,1000');
INSERT INTO `cfg_item` (`id`, `name`, `type`, `quality`, `gold`, `max_num`, `logic_type`, `logic_ids`, `logic_nums`, `cost_ids`, `cost_nums`) VALUES (520102, '初级宝具强化材料III',1,1,100,99,1, '520202', '1', '520102,100000', '10,1000');
INSERT INTO `cfg_item` (`id`, `name`, `type`, `quality`, `gold`, `max_num`, `logic_type`, `logic_ids`, `logic_nums`, `cost_ids`, `cost_nums`) VALUES (520103, '初级宝具强化材料IV',1,1,100,99,1, '520203', '1', '520103,100000', '10,1000');
INSERT INTO `cfg_item` (`id`, `name`, `type`, `quality`, `gold`, `max_num`, `logic_type`, `logic_ids`, `logic_nums`, `cost_ids`, `cost_nums`) VALUES (520200, '中级宝具强化材料I',1,1,200,99,1, '520300', '1', '520200,100000', '10,2000');
INSERT INTO `cfg_item` (`id`, `name`, `type`, `quality`, `gold`, `max_num`, `logic_type`, `logic_ids`, `logic_nums`, `cost_ids`, `cost_nums`) VALUES (520201, '中级宝具强化材料II',1,1,200,99,1, '520301', '1', '520201,100000', '10,2000');
INSERT INTO `cfg_item` (`id`, `name`, `type`, `quality`, `gold`, `max_num`, `logic_type`, `logic_ids`, `logic_nums`, `cost_ids`, `cost_nums`) VALUES (520202, '中级宝具强化材料III',1,1,200,99,1, '520302', '1', '520202,100000', '10,2000');
INSERT INTO `cfg_item` (`id`, `name`, `type`, `quality`, `gold`, `max_num`, `logic_type`, `logic_ids`, `logic_nums`, `cost_ids`, `cost_nums`) VALUES (520203, '中级宝具强化材料IV',1,1,200,99,1, '520303', '1', '520203,100000', '10,2000');
INSERT INTO `cfg_item` (`id`, `name`, `type`, `quality`, `gold`, `max_num`, `logic_type`, `logic_ids`, `logic_nums`, `cost_ids`, `cost_nums`) VALUES (520300, '高级宝具强化材料I',1,1,300,99,1, '520400', '1', '520300,100000', '10,3000');
INSERT INTO `cfg_item` (`id`, `name`, `type`, `quality`, `gold`, `max_num`, `logic_type`, `logic_ids`, `logic_nums`, `cost_ids`, `cost_nums`) VALUES (520301, '高级宝具强化材料II',1,1,300,99,1, '520401', '1', '520301,100000', '10,3000');
INSERT INTO `cfg_item` (`id`, `name`, `type`, `quality`, `gold`, `max_num`, `logic_type`, `logic_ids`, `logic_nums`, `cost_ids`, `cost_nums`) VALUES (520302, '高级宝具强化材料III',1,1,300,99,1, '520402', '1', '520302,100000', '10,3000');
INSERT INTO `cfg_item` (`id`, `name`, `type`, `quality`, `gold`, `max_num`, `logic_type`, `logic_ids`, `logic_nums`, `cost_ids`, `cost_nums`) VALUES (520303, '高级宝具强化材料IV',1,1,300,99,1, '520403', '1', '520303,100000', '10,3000');
INSERT INTO `cfg_item` (`id`, `name`, `type`, `quality`, `gold`, `max_num`, `logic_type`, `logic_ids`, `logic_nums`, `cost_ids`, `cost_nums`) VALUES (520400, '特级宝具强化材料I',1,1,400,99,0, '0', '0', '0', '0');
INSERT INTO `cfg_item` (`id`, `name`, `type`, `quality`, `gold`, `max_num`, `logic_type`, `logic_ids`, `logic_nums`, `cost_ids`, `cost_nums`) VALUES (520401, '特级宝具强化材料II',1,1,400,99,0, '0', '0', '0', '0');
INSERT INTO `cfg_item` (`id`, `name`, `type`, `quality`, `gold`, `max_num`, `logic_type`, `logic_ids`, `logic_nums`, `cost_ids`, `cost_nums`) VALUES (520402, '特级宝具强化材料III',1,1,400,99,0, '0', '0', '0', '0');
INSERT INTO `cfg_item` (`id`, `name`, `type`, `quality`, `gold`, `max_num`, `logic_type`, `logic_ids`, `logic_nums`, `cost_ids`, `cost_nums`) VALUES (520403, '特级宝具强化材料IV',1,1,400,99,0, '0', '0', '0', '0');
INSERT INTO `cfg_item` (`id`, `name`, `type`, `quality`, `gold`, `max_num`, `logic_type`, `logic_ids`, `logic_nums`, `cost_ids`, `cost_nums`) VALUES (600100, '初级升星材料礼包I',0,2,100,1,2, '500100', '10', '0', '0');
INSERT INTO `cfg_item` (`id`, `name`, `type`, `quality`, `gold`, `max_num`, `logic_type`, `logic_ids`, `logic_nums`, `cost_ids`, `cost_nums`) VALUES (600101, '初级升星材料礼包II',0,2,100,1,2, '500101', '10', '0', '0');
INSERT INTO `cfg_item` (`id`, `name`, `type`, `quality`, `gold`, `max_num`, `logic_type`, `logic_ids`, `logic_nums`, `cost_ids`, `cost_nums`) VALUES (600102, '初级升星材料礼包III',0,2,100,1,2, '500102', '10', '0', '0');
INSERT INTO `cfg_item` (`id`, `name`, `type`, `quality`, `gold`, `max_num`, `logic_type`, `logic_ids`, `logic_nums`, `cost_ids`, `cost_nums`) VALUES (600103, '初级升星材料礼包IV',0,2,100,1,2, '500103', '10', '0', '0');
INSERT INTO `cfg_item` (`id`, `name`, `type`, `quality`, `gold`, `max_num`, `logic_type`, `logic_ids`, `logic_nums`, `cost_ids`, `cost_nums`) VALUES (600200, '初级进化材料礼包I',0,2,100,1,2, '510100', '10', '0', '0');
INSERT INTO `cfg_item` (`id`, `name`, `type`, `quality`, `gold`, `max_num`, `logic_type`, `logic_ids`, `logic_nums`, `cost_ids`, `cost_nums`) VALUES (600201, '初级进化材料礼包II',0,2,100,1,2, '510101', '10', '0', '0');
INSERT INTO `cfg_item` (`id`, `name`, `type`, `quality`, `gold`, `max_num`, `logic_type`, `logic_ids`, `logic_nums`, `cost_ids`, `cost_nums`) VALUES (600202, '初级进化材料礼包III',0,2,100,1,2, '510102', '10', '0', '0');
INSERT INTO `cfg_item` (`id`, `name`, `type`, `quality`, `gold`, `max_num`, `logic_type`, `logic_ids`, `logic_nums`, `cost_ids`, `cost_nums`) VALUES (600203, '初级进化材料礼包IV',0,2,100,1,2, '510103', '10', '0', '0');
INSERT INTO `cfg_item` (`id`, `name`, `type`, `quality`, `gold`, `max_num`, `logic_type`, `logic_ids`, `logic_nums`, `cost_ids`, `cost_nums`) VALUES (600300, '初级宝具强化材料礼包I',0,2,100,1,2, '520100', '10', '0', '0');
INSERT INTO `cfg_item` (`id`, `name`, `type`, `quality`, `gold`, `max_num`, `logic_type`, `logic_ids`, `logic_nums`, `cost_ids`, `cost_nums`) VALUES (600301, '初级宝具强化材料礼包II',0,2,100,1,2, '520101', '10', '0', '0');
INSERT INTO `cfg_item` (`id`, `name`, `type`, `quality`, `gold`, `max_num`, `logic_type`, `logic_ids`, `logic_nums`, `cost_ids`, `cost_nums`) VALUES (600302, '初级宝具强化材料礼包III',0,2,100,1,2, '520102', '10', '0', '0');
INSERT INTO `cfg_item` (`id`, `name`, `type`, `quality`, `gold`, `max_num`, `logic_type`, `logic_ids`, `logic_nums`, `cost_ids`, `cost_nums`) VALUES (600303, '初级宝具强化材料礼包IV',0,2,100,1,2, '520103', '10', '0', '0');
INSERT INTO `cfg_item` (`id`, `name`, `type`, `quality`, `gold`, `max_num`, `logic_type`, `logic_ids`, `logic_nums`, `cost_ids`, `cost_nums`) VALUES (610000, '金币礼包',0,3,100,10,2, '100000', '500000', '0', '0');
INSERT INTO `cfg_item` (`id`, `name`, `type`, `quality`, `gold`, `max_num`, `logic_type`, `logic_ids`, `logic_nums`, `cost_ids`, `cost_nums`) VALUES (610100, '经验礼包',0,3,100,10,2, '200000', '10000', '0', '0');
INSERT INTO `cfg_item` (`id`, `name`, `type`, `quality`, `gold`, `max_num`, `logic_type`, `logic_ids`, `logic_nums`, `cost_ids`, `cost_nums`) VALUES (610200, '勾玉礼包',0,3,100,1,2, '300000', '5000', '0', '0');
INSERT INTO `cfg_item` (`id`, `name`, `type`, `quality`, `gold`, `max_num`, `logic_type`, `logic_ids`, `logic_nums`, `cost_ids`, `cost_nums`) VALUES (620000, '茨木童子礼包',0,4,100,1,3, '50002', '0', '0', '0');
INSERT INTO `cfg_item` (`id`, `name`, `type`, `quality`, `gold`, `max_num`, `logic_type`, `logic_ids`, `logic_nums`, `cost_ids`, `cost_nums`) VALUES (630000, '初级式神礼包',0,4,100,1,4, '3', '0', '0', '0');
INSERT INTO `cfg_item` (`id`, `name`, `type`, `quality`, `gold`, `max_num`, `logic_type`, `logic_ids`, `logic_nums`, `cost_ids`, `cost_nums`) VALUES (630001, '中级式神礼包',0,4,100,1,4, '4', '0', '0', '0');
INSERT INTO `cfg_item` (`id`, `name`, `type`, `quality`, `gold`, `max_num`, `logic_type`, `logic_ids`, `logic_nums`, `cost_ids`, `cost_nums`) VALUES (400000, '式神抽奖券',0,5,100,99,0, '0', '0', '0', '0');



INSERT INTO `cfg_lottery_cost` (`type`, `item`, `num`, `free_num`, `ratio`) VALUES (1,300000,10,1,0);
INSERT INTO `cfg_lottery_cost` (`type`, `item`, `num`, `free_num`, `ratio`) VALUES (2,200000,1000,3,0.25);
INSERT INTO `cfg_lottery_cost` (`type`, `item`, `num`, `free_num`, `ratio`) VALUES (3,400000,1,0,0);
INSERT INTO `cfg_lottery_cost` (`type`, `item`, `num`, `free_num`, `ratio`) VALUES (4,300000,0,0,0);



INSERT INTO `cfg_lv_cost` (`id`, `starLv`, `lv`, `item1`, `num1`, `item2`, `num2`, `item3`, `num3`, `item4`, `num4`, `item5`, `num5`) VALUES (1,1,1,200000,1320,0,0,0,0,0,0,0,0);
INSERT INTO `cfg_lv_cost` (`id`, `starLv`, `lv`, `item1`, `num1`, `item2`, `num2`, `item3`, `num3`, `item4`, `num4`, `item5`, `num5`) VALUES (2,1,2,200000,1490,0,0,0,0,0,0,0,0);
INSERT INTO `cfg_lv_cost` (`id`, `starLv`, `lv`, `item1`, `num1`, `item2`, `num2`, `item3`, `num3`, `item4`, `num4`, `item5`, `num5`) VALUES (3,1,3,200000,1660,0,0,0,0,0,0,0,0);
INSERT INTO `cfg_lv_cost` (`id`, `starLv`, `lv`, `item1`, `num1`, `item2`, `num2`, `item3`, `num3`, `item4`, `num4`, `item5`, `num5`) VALUES (4,1,4,200000,1830,0,0,0,0,0,0,0,0);
INSERT INTO `cfg_lv_cost` (`id`, `starLv`, `lv`, `item1`, `num1`, `item2`, `num2`, `item3`, `num3`, `item4`, `num4`, `item5`, `num5`) VALUES (5,1,5,200000,2000,0,0,0,0,0,0,0,0);
INSERT INTO `cfg_lv_cost` (`id`, `starLv`, `lv`, `item1`, `num1`, `item2`, `num2`, `item3`, `num3`, `item4`, `num4`, `item5`, `num5`) VALUES (6,1,6,200000,2180,0,0,0,0,0,0,0,0);
INSERT INTO `cfg_lv_cost` (`id`, `starLv`, `lv`, `item1`, `num1`, `item2`, `num2`, `item3`, `num3`, `item4`, `num4`, `item5`, `num5`) VALUES (7,1,7,200000,2350,0,0,0,0,0,0,0,0);
INSERT INTO `cfg_lv_cost` (`id`, `starLv`, `lv`, `item1`, `num1`, `item2`, `num2`, `item3`, `num3`, `item4`, `num4`, `item5`, `num5`) VALUES (8,1,8,200000,2520,0,0,0,0,0,0,0,0);
INSERT INTO `cfg_lv_cost` (`id`, `starLv`, `lv`, `item1`, `num1`, `item2`, `num2`, `item3`, `num3`, `item4`, `num4`, `item5`, `num5`) VALUES (9,1,9,200000,2690,0,0,0,0,0,0,0,0);
INSERT INTO `cfg_lv_cost` (`id`, `starLv`, `lv`, `item1`, `num1`, `item2`, `num2`, `item3`, `num3`, `item4`, `num4`, `item5`, `num5`) VALUES (10,1,10,200000,22680,0,0,0,0,0,0,0,0);
INSERT INTO `cfg_lv_cost` (`id`, `starLv`, `lv`, `item1`, `num1`, `item2`, `num2`, `item3`, `num3`, `item4`, `num4`, `item5`, `num5`) VALUES (11,2,11,200000,24040,0,0,0,0,0,0,0,0);
INSERT INTO `cfg_lv_cost` (`id`, `starLv`, `lv`, `item1`, `num1`, `item2`, `num2`, `item3`, `num3`, `item4`, `num4`, `item5`, `num5`) VALUES (12,2,12,200000,25400,0,0,0,0,0,0,0,0);
INSERT INTO `cfg_lv_cost` (`id`, `starLv`, `lv`, `item1`, `num1`, `item2`, `num2`, `item3`, `num3`, `item4`, `num4`, `item5`, `num5`) VALUES (13,2,13,200000,26760,0,0,0,0,0,0,0,0);
INSERT INTO `cfg_lv_cost` (`id`, `starLv`, `lv`, `item1`, `num1`, `item2`, `num2`, `item3`, `num3`, `item4`, `num4`, `item5`, `num5`) VALUES (14,2,14,200000,28120,0,0,0,0,0,0,0,0);
INSERT INTO `cfg_lv_cost` (`id`, `starLv`, `lv`, `item1`, `num1`, `item2`, `num2`, `item3`, `num3`, `item4`, `num4`, `item5`, `num5`) VALUES (15,2,15,200000,29490,0,0,0,0,0,0,0,0);
INSERT INTO `cfg_lv_cost` (`id`, `starLv`, `lv`, `item1`, `num1`, `item2`, `num2`, `item3`, `num3`, `item4`, `num4`, `item5`, `num5`) VALUES (16,2,16,200000,30850,0,0,0,0,0,0,0,0);
INSERT INTO `cfg_lv_cost` (`id`, `starLv`, `lv`, `item1`, `num1`, `item2`, `num2`, `item3`, `num3`, `item4`, `num4`, `item5`, `num5`) VALUES (17,2,17,200000,32210,0,0,0,0,0,0,0,0);
INSERT INTO `cfg_lv_cost` (`id`, `starLv`, `lv`, `item1`, `num1`, `item2`, `num2`, `item3`, `num3`, `item4`, `num4`, `item5`, `num5`) VALUES (18,2,18,200000,33570,0,0,0,0,0,0,0,0);
INSERT INTO `cfg_lv_cost` (`id`, `starLv`, `lv`, `item1`, `num1`, `item2`, `num2`, `item3`, `num3`, `item4`, `num4`, `item5`, `num5`) VALUES (19,2,19,200000,34930,0,0,0,0,0,0,0,0);
INSERT INTO `cfg_lv_cost` (`id`, `starLv`, `lv`, `item1`, `num1`, `item2`, `num2`, `item3`, `num3`, `item4`, `num4`, `item5`, `num5`) VALUES (20,2,20,200000,147860,0,0,0,0,0,0,0,0);
INSERT INTO `cfg_lv_cost` (`id`, `starLv`, `lv`, `item1`, `num1`, `item2`, `num2`, `item3`, `num3`, `item4`, `num4`, `item5`, `num5`) VALUES (21,3,21,200000,102270,0,0,0,0,0,0,0,0);
INSERT INTO `cfg_lv_cost` (`id`, `starLv`, `lv`, `item1`, `num1`, `item2`, `num2`, `item3`, `num3`, `item4`, `num4`, `item5`, `num5`) VALUES (22,3,22,200000,105960,0,0,0,0,0,0,0,0);
INSERT INTO `cfg_lv_cost` (`id`, `starLv`, `lv`, `item1`, `num1`, `item2`, `num2`, `item3`, `num3`, `item4`, `num4`, `item5`, `num5`) VALUES (23,3,23,200000,109660,0,0,0,0,0,0,0,0);
INSERT INTO `cfg_lv_cost` (`id`, `starLv`, `lv`, `item1`, `num1`, `item2`, `num2`, `item3`, `num3`, `item4`, `num4`, `item5`, `num5`) VALUES (24,3,24,200000,113360,0,0,0,0,0,0,0,0);
INSERT INTO `cfg_lv_cost` (`id`, `starLv`, `lv`, `item1`, `num1`, `item2`, `num2`, `item3`, `num3`, `item4`, `num4`, `item5`, `num5`) VALUES (25,3,25,200000,117050,0,0,0,0,0,0,0,0);
INSERT INTO `cfg_lv_cost` (`id`, `starLv`, `lv`, `item1`, `num1`, `item2`, `num2`, `item3`, `num3`, `item4`, `num4`, `item5`, `num5`) VALUES (26,3,26,200000,120750,0,0,0,0,0,0,0,0);
INSERT INTO `cfg_lv_cost` (`id`, `starLv`, `lv`, `item1`, `num1`, `item2`, `num2`, `item3`, `num3`, `item4`, `num4`, `item5`, `num5`) VALUES (27,3,27,200000,124450,0,0,0,0,0,0,0,0);
INSERT INTO `cfg_lv_cost` (`id`, `starLv`, `lv`, `item1`, `num1`, `item2`, `num2`, `item3`, `num3`, `item4`, `num4`, `item5`, `num5`) VALUES (28,3,28,200000,128140,0,0,0,0,0,0,0,0);
INSERT INTO `cfg_lv_cost` (`id`, `starLv`, `lv`, `item1`, `num1`, `item2`, `num2`, `item3`, `num3`, `item4`, `num4`, `item5`, `num5`) VALUES (29,3,29,200000,131840,0,0,0,0,0,0,0,0);
INSERT INTO `cfg_lv_cost` (`id`, `starLv`, `lv`, `item1`, `num1`, `item2`, `num2`, `item3`, `num3`, `item4`, `num4`, `item5`, `num5`) VALUES (30,3,30,200000,286920,0,0,0,0,0,0,0,0);
INSERT INTO `cfg_lv_cost` (`id`, `starLv`, `lv`, `item1`, `num1`, `item2`, `num2`, `item3`, `num3`, `item4`, `num4`, `item5`, `num5`) VALUES (31,4,31,200000,299960,0,0,0,0,0,0,0,0);
INSERT INTO `cfg_lv_cost` (`id`, `starLv`, `lv`, `item1`, `num1`, `item2`, `num2`, `item3`, `num3`, `item4`, `num4`, `item5`, `num5`) VALUES (32,4,32,200000,313000,0,0,0,0,0,0,0,0);
INSERT INTO `cfg_lv_cost` (`id`, `starLv`, `lv`, `item1`, `num1`, `item2`, `num2`, `item3`, `num3`, `item4`, `num4`, `item5`, `num5`) VALUES (33,4,33,200000,326040,0,0,0,0,0,0,0,0);
INSERT INTO `cfg_lv_cost` (`id`, `starLv`, `lv`, `item1`, `num1`, `item2`, `num2`, `item3`, `num3`, `item4`, `num4`, `item5`, `num5`) VALUES (34,4,34,200000,339080,0,0,0,0,0,0,0,0);
INSERT INTO `cfg_lv_cost` (`id`, `starLv`, `lv`, `item1`, `num1`, `item2`, `num2`, `item3`, `num3`, `item4`, `num4`, `item5`, `num5`) VALUES (35,4,35,200000,352130,0,0,0,0,0,0,0,0);
INSERT INTO `cfg_lv_cost` (`id`, `starLv`, `lv`, `item1`, `num1`, `item2`, `num2`, `item3`, `num3`, `item4`, `num4`, `item5`, `num5`) VALUES (36,4,36,200000,365170,0,0,0,0,0,0,0,0);
INSERT INTO `cfg_lv_cost` (`id`, `starLv`, `lv`, `item1`, `num1`, `item2`, `num2`, `item3`, `num3`, `item4`, `num4`, `item5`, `num5`) VALUES (37,4,37,200000,378210,0,0,0,0,0,0,0,0);
INSERT INTO `cfg_lv_cost` (`id`, `starLv`, `lv`, `item1`, `num1`, `item2`, `num2`, `item3`, `num3`, `item4`, `num4`, `item5`, `num5`) VALUES (38,4,38,200000,391250,0,0,0,0,0,0,0,0);
INSERT INTO `cfg_lv_cost` (`id`, `starLv`, `lv`, `item1`, `num1`, `item2`, `num2`, `item3`, `num3`, `item4`, `num4`, `item5`, `num5`) VALUES (39,4,39,200000,404290,0,0,0,0,0,0,0,0);
INSERT INTO `cfg_lv_cost` (`id`, `starLv`, `lv`, `item1`, `num1`, `item2`, `num2`, `item3`, `num3`, `item4`, `num4`, `item5`, `num5`) VALUES (40,4,40,200000,706990,0,0,0,0,0,0,0,0);
INSERT INTO `cfg_lv_cost` (`id`, `starLv`, `lv`, `item1`, `num1`, `item2`, `num2`, `item3`, `num3`, `item4`, `num4`, `item5`, `num5`) VALUES (41,5,41,200000,729080,0,0,0,0,0,0,0,0);
INSERT INTO `cfg_lv_cost` (`id`, `starLv`, `lv`, `item1`, `num1`, `item2`, `num2`, `item3`, `num3`, `item4`, `num4`, `item5`, `num5`) VALUES (42,5,42,200000,751170,0,0,0,0,0,0,0,0);
INSERT INTO `cfg_lv_cost` (`id`, `starLv`, `lv`, `item1`, `num1`, `item2`, `num2`, `item3`, `num3`, `item4`, `num4`, `item5`, `num5`) VALUES (43,5,43,200000,773270,0,0,0,0,0,0,0,0);
INSERT INTO `cfg_lv_cost` (`id`, `starLv`, `lv`, `item1`, `num1`, `item2`, `num2`, `item3`, `num3`, `item4`, `num4`, `item5`, `num5`) VALUES (44,5,44,200000,795360,0,0,0,0,0,0,0,0);
INSERT INTO `cfg_lv_cost` (`id`, `starLv`, `lv`, `item1`, `num1`, `item2`, `num2`, `item3`, `num3`, `item4`, `num4`, `item5`, `num5`) VALUES (45,5,45,200000,817450,0,0,0,0,0,0,0,0);
INSERT INTO `cfg_lv_cost` (`id`, `starLv`, `lv`, `item1`, `num1`, `item2`, `num2`, `item3`, `num3`, `item4`, `num4`, `item5`, `num5`) VALUES (46,5,46,200000,839540,0,0,0,0,0,0,0,0);
INSERT INTO `cfg_lv_cost` (`id`, `starLv`, `lv`, `item1`, `num1`, `item2`, `num2`, `item3`, `num3`, `item4`, `num4`, `item5`, `num5`) VALUES (47,5,47,200000,861640,0,0,0,0,0,0,0,0);
INSERT INTO `cfg_lv_cost` (`id`, `starLv`, `lv`, `item1`, `num1`, `item2`, `num2`, `item3`, `num3`, `item4`, `num4`, `item5`, `num5`) VALUES (48,5,48,200000,883730,0,0,0,0,0,0,0,0);
INSERT INTO `cfg_lv_cost` (`id`, `starLv`, `lv`, `item1`, `num1`, `item2`, `num2`, `item3`, `num3`, `item4`, `num4`, `item5`, `num5`) VALUES (49,5,49,200000,905820,0,0,0,0,0,0,0,0);
INSERT INTO `cfg_lv_cost` (`id`, `starLv`, `lv`, `item1`, `num1`, `item2`, `num2`, `item3`, `num3`, `item4`, `num4`, `item5`, `num5`) VALUES (50,5,50,200000,1622640,0,0,0,0,0,0,0,0);
INSERT INTO `cfg_lv_cost` (`id`, `starLv`, `lv`, `item1`, `num1`, `item2`, `num2`, `item3`, `num3`, `item4`, `num4`, `item5`, `num5`) VALUES (51,6,51,200000,1684450,0,0,0,0,0,0,0,0);
INSERT INTO `cfg_lv_cost` (`id`, `starLv`, `lv`, `item1`, `num1`, `item2`, `num2`, `item3`, `num3`, `item4`, `num4`, `item5`, `num5`) VALUES (52,6,52,200000,1746270,0,0,0,0,0,0,0,0);
INSERT INTO `cfg_lv_cost` (`id`, `starLv`, `lv`, `item1`, `num1`, `item2`, `num2`, `item3`, `num3`, `item4`, `num4`, `item5`, `num5`) VALUES (53,6,53,200000,1808080,0,0,0,0,0,0,0,0);
INSERT INTO `cfg_lv_cost` (`id`, `starLv`, `lv`, `item1`, `num1`, `item2`, `num2`, `item3`, `num3`, `item4`, `num4`, `item5`, `num5`) VALUES (54,6,54,200000,1869900,0,0,0,0,0,0,0,0);
INSERT INTO `cfg_lv_cost` (`id`, `starLv`, `lv`, `item1`, `num1`, `item2`, `num2`, `item3`, `num3`, `item4`, `num4`, `item5`, `num5`) VALUES (55,6,55,200000,1931710,0,0,0,0,0,0,0,0);
INSERT INTO `cfg_lv_cost` (`id`, `starLv`, `lv`, `item1`, `num1`, `item2`, `num2`, `item3`, `num3`, `item4`, `num4`, `item5`, `num5`) VALUES (56,6,56,200000,1993530,0,0,0,0,0,0,0,0);
INSERT INTO `cfg_lv_cost` (`id`, `starLv`, `lv`, `item1`, `num1`, `item2`, `num2`, `item3`, `num3`, `item4`, `num4`, `item5`, `num5`) VALUES (57,6,57,200000,2055340,0,0,0,0,0,0,0,0);
INSERT INTO `cfg_lv_cost` (`id`, `starLv`, `lv`, `item1`, `num1`, `item2`, `num2`, `item3`, `num3`, `item4`, `num4`, `item5`, `num5`) VALUES (58,6,58,200000,2117160,0,0,0,0,0,0,0,0);
INSERT INTO `cfg_lv_cost` (`id`, `starLv`, `lv`, `item1`, `num1`, `item2`, `num2`, `item3`, `num3`, `item4`, `num4`, `item5`, `num5`) VALUES (59,6,59,200000,2178970,0,0,0,0,0,0,0,0);
INSERT INTO `cfg_lv_cost` (`id`, `starLv`, `lv`, `item1`, `num1`, `item2`, `num2`, `item3`, `num3`, `item4`, `num4`, `item5`, `num5`) VALUES (60,6,60,200000,2920640,0,0,0,0,0,0,0,0);
INSERT INTO `cfg_lv_cost` (`id`, `starLv`, `lv`, `item1`, `num1`, `item2`, `num2`, `item3`, `num3`, `item4`, `num4`, `item5`, `num5`) VALUES (61,7,61,200000,3001210,0,0,0,0,0,0,0,0);
INSERT INTO `cfg_lv_cost` (`id`, `starLv`, `lv`, `item1`, `num1`, `item2`, `num2`, `item3`, `num3`, `item4`, `num4`, `item5`, `num5`) VALUES (62,7,62,200000,3081780,0,0,0,0,0,0,0,0);
INSERT INTO `cfg_lv_cost` (`id`, `starLv`, `lv`, `item1`, `num1`, `item2`, `num2`, `item3`, `num3`, `item4`, `num4`, `item5`, `num5`) VALUES (63,7,63,200000,3162350,0,0,0,0,0,0,0,0);
INSERT INTO `cfg_lv_cost` (`id`, `starLv`, `lv`, `item1`, `num1`, `item2`, `num2`, `item3`, `num3`, `item4`, `num4`, `item5`, `num5`) VALUES (64,7,64,200000,3242920,0,0,0,0,0,0,0,0);
INSERT INTO `cfg_lv_cost` (`id`, `starLv`, `lv`, `item1`, `num1`, `item2`, `num2`, `item3`, `num3`, `item4`, `num4`, `item5`, `num5`) VALUES (65,7,65,200000,3323490,0,0,0,0,0,0,0,0);
INSERT INTO `cfg_lv_cost` (`id`, `starLv`, `lv`, `item1`, `num1`, `item2`, `num2`, `item3`, `num3`, `item4`, `num4`, `item5`, `num5`) VALUES (66,7,66,200000,3404060,0,0,0,0,0,0,0,0);
INSERT INTO `cfg_lv_cost` (`id`, `starLv`, `lv`, `item1`, `num1`, `item2`, `num2`, `item3`, `num3`, `item4`, `num4`, `item5`, `num5`) VALUES (67,7,67,200000,3484630,0,0,0,0,0,0,0,0);
INSERT INTO `cfg_lv_cost` (`id`, `starLv`, `lv`, `item1`, `num1`, `item2`, `num2`, `item3`, `num3`, `item4`, `num4`, `item5`, `num5`) VALUES (68,7,68,200000,3565200,0,0,0,0,0,0,0,0);
INSERT INTO `cfg_lv_cost` (`id`, `starLv`, `lv`, `item1`, `num1`, `item2`, `num2`, `item3`, `num3`, `item4`, `num4`, `item5`, `num5`) VALUES (69,7,69,200000,3645770,0,0,0,0,0,0,0,0);
INSERT INTO `cfg_lv_cost` (`id`, `starLv`, `lv`, `item1`, `num1`, `item2`, `num2`, `item3`, `num3`, `item4`, `num4`, `item5`, `num5`) VALUES (70,7,70,200000,4881910,0,0,0,0,0,0,0,0);
INSERT INTO `cfg_lv_cost` (`id`, `starLv`, `lv`, `item1`, `num1`, `item2`, `num2`, `item3`, `num3`, `item4`, `num4`, `item5`, `num5`) VALUES (71,8,71,200000,5040240,0,0,0,0,0,0,0,0);
INSERT INTO `cfg_lv_cost` (`id`, `starLv`, `lv`, `item1`, `num1`, `item2`, `num2`, `item3`, `num3`, `item4`, `num4`, `item5`, `num5`) VALUES (72,8,72,200000,5198570,0,0,0,0,0,0,0,0);
INSERT INTO `cfg_lv_cost` (`id`, `starLv`, `lv`, `item1`, `num1`, `item2`, `num2`, `item3`, `num3`, `item4`, `num4`, `item5`, `num5`) VALUES (73,8,73,200000,5356910,0,0,0,0,0,0,0,0);
INSERT INTO `cfg_lv_cost` (`id`, `starLv`, `lv`, `item1`, `num1`, `item2`, `num2`, `item3`, `num3`, `item4`, `num4`, `item5`, `num5`) VALUES (74,8,74,200000,5515240,0,0,0,0,0,0,0,0);
INSERT INTO `cfg_lv_cost` (`id`, `starLv`, `lv`, `item1`, `num1`, `item2`, `num2`, `item3`, `num3`, `item4`, `num4`, `item5`, `num5`) VALUES (75,8,75,200000,5673570,0,0,0,0,0,0,0,0);
INSERT INTO `cfg_lv_cost` (`id`, `starLv`, `lv`, `item1`, `num1`, `item2`, `num2`, `item3`, `num3`, `item4`, `num4`, `item5`, `num5`) VALUES (76,8,76,200000,5831900,0,0,0,0,0,0,0,0);
INSERT INTO `cfg_lv_cost` (`id`, `starLv`, `lv`, `item1`, `num1`, `item2`, `num2`, `item3`, `num3`, `item4`, `num4`, `item5`, `num5`) VALUES (77,8,77,200000,5990240,0,0,0,0,0,0,0,0);
INSERT INTO `cfg_lv_cost` (`id`, `starLv`, `lv`, `item1`, `num1`, `item2`, `num2`, `item3`, `num3`, `item4`, `num4`, `item5`, `num5`) VALUES (78,8,78,200000,6148570,0,0,0,0,0,0,0,0);
INSERT INTO `cfg_lv_cost` (`id`, `starLv`, `lv`, `item1`, `num1`, `item2`, `num2`, `item3`, `num3`, `item4`, `num4`, `item5`, `num5`) VALUES (79,8,79,200000,6306900,0,0,0,0,0,0,0,0);
INSERT INTO `cfg_lv_cost` (`id`, `starLv`, `lv`, `item1`, `num1`, `item2`, `num2`, `item3`, `num3`, `item4`, `num4`, `item5`, `num5`) VALUES (80,8,80,200000,8317390,0,0,0,0,0,0,0,0);
INSERT INTO `cfg_lv_cost` (`id`, `starLv`, `lv`, `item1`, `num1`, `item2`, `num2`, `item3`, `num3`, `item4`, `num4`, `item5`, `num5`) VALUES (81,9,81,200000,8521090,0,0,0,0,0,0,0,0);
INSERT INTO `cfg_lv_cost` (`id`, `starLv`, `lv`, `item1`, `num1`, `item2`, `num2`, `item3`, `num3`, `item4`, `num4`, `item5`, `num5`) VALUES (82,9,82,200000,8724780,0,0,0,0,0,0,0,0);
INSERT INTO `cfg_lv_cost` (`id`, `starLv`, `lv`, `item1`, `num1`, `item2`, `num2`, `item3`, `num3`, `item4`, `num4`, `item5`, `num5`) VALUES (83,9,83,200000,8928470,0,0,0,0,0,0,0,0);
INSERT INTO `cfg_lv_cost` (`id`, `starLv`, `lv`, `item1`, `num1`, `item2`, `num2`, `item3`, `num3`, `item4`, `num4`, `item5`, `num5`) VALUES (84,9,84,200000,9132160,0,0,0,0,0,0,0,0);
INSERT INTO `cfg_lv_cost` (`id`, `starLv`, `lv`, `item1`, `num1`, `item2`, `num2`, `item3`, `num3`, `item4`, `num4`, `item5`, `num5`) VALUES (85,9,85,200000,9335850,0,0,0,0,0,0,0,0);
INSERT INTO `cfg_lv_cost` (`id`, `starLv`, `lv`, `item1`, `num1`, `item2`, `num2`, `item3`, `num3`, `item4`, `num4`, `item5`, `num5`) VALUES (86,9,86,200000,9539540,0,0,0,0,0,0,0,0);
INSERT INTO `cfg_lv_cost` (`id`, `starLv`, `lv`, `item1`, `num1`, `item2`, `num2`, `item3`, `num3`, `item4`, `num4`, `item5`, `num5`) VALUES (87,9,87,200000,9743230,0,0,0,0,0,0,0,0);
INSERT INTO `cfg_lv_cost` (`id`, `starLv`, `lv`, `item1`, `num1`, `item2`, `num2`, `item3`, `num3`, `item4`, `num4`, `item5`, `num5`) VALUES (88,9,88,200000,9946920,0,0,0,0,0,0,0,0);
INSERT INTO `cfg_lv_cost` (`id`, `starLv`, `lv`, `item1`, `num1`, `item2`, `num2`, `item3`, `num3`, `item4`, `num4`, `item5`, `num5`) VALUES (89,9,89,200000,10150620,0,0,0,0,0,0,0,0);
INSERT INTO `cfg_lv_cost` (`id`, `starLv`, `lv`, `item1`, `num1`, `item2`, `num2`, `item3`, `num3`, `item4`, `num4`, `item5`, `num5`) VALUES (90,9,90,200000,13109270,0,0,0,0,0,0,0,0);
INSERT INTO `cfg_lv_cost` (`id`, `starLv`, `lv`, `item1`, `num1`, `item2`, `num2`, `item3`, `num3`, `item4`, `num4`, `item5`, `num5`) VALUES (91,10,91,200000,13496100,0,0,0,0,0,0,0,0);
INSERT INTO `cfg_lv_cost` (`id`, `starLv`, `lv`, `item1`, `num1`, `item2`, `num2`, `item3`, `num3`, `item4`, `num4`, `item5`, `num5`) VALUES (92,10,92,200000,13882930,0,0,0,0,0,0,0,0);
INSERT INTO `cfg_lv_cost` (`id`, `starLv`, `lv`, `item1`, `num1`, `item2`, `num2`, `item3`, `num3`, `item4`, `num4`, `item5`, `num5`) VALUES (93,10,93,200000,14269760,0,0,0,0,0,0,0,0);
INSERT INTO `cfg_lv_cost` (`id`, `starLv`, `lv`, `item1`, `num1`, `item2`, `num2`, `item3`, `num3`, `item4`, `num4`, `item5`, `num5`) VALUES (94,10,94,200000,14656590,0,0,0,0,0,0,0,0);
INSERT INTO `cfg_lv_cost` (`id`, `starLv`, `lv`, `item1`, `num1`, `item2`, `num2`, `item3`, `num3`, `item4`, `num4`, `item5`, `num5`) VALUES (95,10,95,200000,15043420,0,0,0,0,0,0,0,0);
INSERT INTO `cfg_lv_cost` (`id`, `starLv`, `lv`, `item1`, `num1`, `item2`, `num2`, `item3`, `num3`, `item4`, `num4`, `item5`, `num5`) VALUES (96,10,96,200000,15430250,0,0,0,0,0,0,0,0);
INSERT INTO `cfg_lv_cost` (`id`, `starLv`, `lv`, `item1`, `num1`, `item2`, `num2`, `item3`, `num3`, `item4`, `num4`, `item5`, `num5`) VALUES (97,10,97,200000,15817080,0,0,0,0,0,0,0,0);
INSERT INTO `cfg_lv_cost` (`id`, `starLv`, `lv`, `item1`, `num1`, `item2`, `num2`, `item3`, `num3`, `item4`, `num4`, `item5`, `num5`) VALUES (98,10,98,200000,16203910,0,0,0,0,0,0,0,0);
INSERT INTO `cfg_lv_cost` (`id`, `starLv`, `lv`, `item1`, `num1`, `item2`, `num2`, `item3`, `num3`, `item4`, `num4`, `item5`, `num5`) VALUES (99,10,99,200000,16590740,0,0,0,0,0,0,0,0);



INSERT INTO `cfg_monster` (`id`, `name`, `attack`, `hp`, `hit`, `dodge`, `speed`, `power`, `num`, `skill`) VALUES (10001, '樱花道1', 100,900,20,25,20,400,3, '[53001,10001,11001]');
INSERT INTO `cfg_monster` (`id`, `name`, `attack`, `hp`, `hit`, `dodge`, `speed`, `power`, `num`, `skill`) VALUES (10002, '樱花道2', 150,1000,45,35,30,765,3, '[18001,10001,51001]');
INSERT INTO `cfg_monster` (`id`, `name`, `attack`, `hp`, `hit`, `dodge`, `speed`, `power`, `num`, `skill`) VALUES (10003, '樱花道3', 160,1100,40,35,40,800,3, '[51001,12001,18001]');
INSERT INTO `cfg_monster` (`id`, `name`, `attack`, `hp`, `hit`, `dodge`, `speed`, `power`, `num`, `skill`) VALUES (10004, '樱花道4', 170,1200,45,40,45,900,4, '[19001,10001,11001,52001]');
INSERT INTO `cfg_monster` (`id`, `name`, `attack`, `hp`, `hit`, `dodge`, `speed`, `power`, `num`, `skill`) VALUES (10005, '樱花道5', 190,1300,50,50,50,1000,4, '[10001,11001,55001,18001]');
INSERT INTO `cfg_monster` (`id`, `name`, `attack`, `hp`, `hit`, `dodge`, `speed`, `power`, `num`, `skill`) VALUES (10006, '樱花道6', 200,1400,55,45,55,1100,4, '[53001,18001,10001,13001]');
INSERT INTO `cfg_monster` (`id`, `name`, `attack`, `hp`, `hit`, `dodge`, `speed`, `power`, `num`, `skill`) VALUES (10007, '樱花道7', 210,1500,60,50,60,1200,4, '[54001,13001,10001,19001]');
INSERT INTO `cfg_monster` (`id`, `name`, `attack`, `hp`, `hit`, `dodge`, `speed`, `power`, `num`, `skill`) VALUES (10008, '樱花道8', 240,1600,65,60,55,1300,5, '[12001,51001,54001,55001,18001]');
INSERT INTO `cfg_monster` (`id`, `name`, `attack`, `hp`, `hit`, `dodge`, `speed`, `power`, `num`, `skill`) VALUES (10009, '樱花道9', 260,1800,70,65,65,1400,5, '[55001,17001,11001,19001,10001]');
INSERT INTO `cfg_monster` (`id`, `name`, `attack`, `hp`, `hit`, `dodge`, `speed`, `power`, `num`, `skill`) VALUES (10010, '樱花道10', 300,2000,80,70,75,1500,5, '[16001,13001,12001,10001,17001]');
INSERT INTO `cfg_monster` (`id`, `name`, `attack`, `hp`, `hit`, `dodge`, `speed`, `power`, `num`, `skill`) VALUES (11001, '枫叶林1', 400,2300,100,90,100,1700,6, '[10001,11001,52001,55001,13001,16001]');
INSERT INTO `cfg_monster` (`id`, `name`, `attack`, `hp`, `hit`, `dodge`, `speed`, `power`, `num`, `skill`) VALUES (11002, '枫叶林2', 600,2500,110,100,110,1900,6, '[18001,10001,12001,51001,52001,10001]');
INSERT INTO `cfg_monster` (`id`, `name`, `attack`, `hp`, `hit`, `dodge`, `speed`, `power`, `num`, `skill`) VALUES (11003, '枫叶林3', 800,3000,150,150,150,2500,25, '[18001,10001,18001,11001,11001,18001,18001,10001,18001,12001,10001,53001,18001,18001,51001,10001,18001,19001,55001,52001,10001,11001,52001,10001,11001]');
INSERT INTO `cfg_monster` (`id`, `name`, `attack`, `hp`, `hit`, `dodge`, `speed`, `power`, `num`, `skill`) VALUES (11004, '枫叶林4', 1000,3500,170,170,170,2800,25, '[18001,10001,18001,11001,11001,18001,18001,10001,18001,12001,10001,53001,18001,18001,51001,10001,18001,19001,55001,52001,10001,11001,52001,10001,11001]');
INSERT INTO `cfg_monster` (`id`, `name`, `attack`, `hp`, `hit`, `dodge`, `speed`, `power`, `num`, `skill`) VALUES (11005, '枫叶林5', 1200,4000,190,190,190,3100,25, '[18001,10001,18001,11001,11001,18001,18001,10001,18001,12001,10001,53001,18001,18001,51001,10001,18001,19001,55001,52001,10001,11001,52001,10001,11001]');
INSERT INTO `cfg_monster` (`id`, `name`, `attack`, `hp`, `hit`, `dodge`, `speed`, `power`, `num`, `skill`) VALUES (11006, '枫叶林6', 1400,4500,210,210,210,3400,25, '[18001,10001,18001,11001,11001,18001,18001,10001,18001,12001,10001,53001,18001,18001,51001,10001,18001,19001,55001,52001,10001,11001,52001,10001,11001]');
INSERT INTO `cfg_monster` (`id`, `name`, `attack`, `hp`, `hit`, `dodge`, `speed`, `power`, `num`, `skill`) VALUES (11007, '枫叶林7', 1600,5000,230,230,230,3700,25, '[18001,10001,18001,11001,11001,18001,18001,10001,18001,12001,10001,53001,18001,18001,51001,10001,18001,19001,55001,52001,10001,11001,52001,10001,11001]');
INSERT INTO `cfg_monster` (`id`, `name`, `attack`, `hp`, `hit`, `dodge`, `speed`, `power`, `num`, `skill`) VALUES (11008, '枫叶林8', 1800,5500,250,250,250,4000,25, '[18001,10001,18001,11001,11001,18001,18001,10001,18001,12001,10001,53001,18001,18001,51001,10001,18001,19001,55001,52001,10001,11001,52001,10001,11001]');
INSERT INTO `cfg_monster` (`id`, `name`, `attack`, `hp`, `hit`, `dodge`, `speed`, `power`, `num`, `skill`) VALUES (11009, '枫叶林9', 2000,6000,270,270,270,4300,25, '[18001,10001,18001,11001,11001,18001,18001,10001,18001,12001,10001,53001,18001,18001,51001,10001,18001,19001,55001,52001,10001,11001,52001,10001,11001]');
INSERT INTO `cfg_monster` (`id`, `name`, `attack`, `hp`, `hit`, `dodge`, `speed`, `power`, `num`, `skill`) VALUES (11010, '枫叶林10', 2200,6500,290,290,290,4600,25, '[18001,10001,18001,11001,11001,18001,18001,10001,18001,12001,10001,53001,18001,18001,51001,10001,18001,19001,55001,52001,10001,11001,52001,10001,11001]');




INSERT INTO `cfg_online_lottery` (`item_id`, `weight`) VALUES (400000, 0.2);
INSERT INTO `cfg_online_lottery` (`item_id`, `weight`) VALUES (610000, 0.2);
INSERT INTO `cfg_online_lottery` (`item_id`, `weight`) VALUES (610200, 0.2);
INSERT INTO `cfg_online_lottery` (`item_id`, `weight`) VALUES (610100, 0.2);
INSERT INTO `cfg_online_lottery` (`item_id`, `weight`) VALUES (620000, 0.2);



INSERT INTO `cfg_prop_cost` (`lv`, `item1`, `num1`, `item2`, `num2`, `item3`, `num3`, `item4`, `num4`, `item5`, `num5`) VALUES (1,520100,5,100000,10000,0,0,0,0,0,0);
INSERT INTO `cfg_prop_cost` (`lv`, `item1`, `num1`, `item2`, `num2`, `item3`, `num3`, `item4`, `num4`, `item5`, `num5`) VALUES (2,520100,10,100000,20000,0,0,0,0,0,0);
INSERT INTO `cfg_prop_cost` (`lv`, `item1`, `num1`, `item2`, `num2`, `item3`, `num3`, `item4`, `num4`, `item5`, `num5`) VALUES (3,520100,20,100000,30000,0,0,0,0,0,0);
INSERT INTO `cfg_prop_cost` (`lv`, `item1`, `num1`, `item2`, `num2`, `item3`, `num3`, `item4`, `num4`, `item5`, `num5`) VALUES (4,520100,40,100000,40000,0,0,0,0,0,0);
INSERT INTO `cfg_prop_cost` (`lv`, `item1`, `num1`, `item2`, `num2`, `item3`, `num3`, `item4`, `num4`, `item5`, `num5`) VALUES (5,520100,80,100000,50000,0,0,0,0,0,0);
INSERT INTO `cfg_prop_cost` (`lv`, `item1`, `num1`, `item2`, `num2`, `item3`, `num3`, `item4`, `num4`, `item5`, `num5`) VALUES (6,520100,160,100000,60000,0,0,0,0,0,0);
INSERT INTO `cfg_prop_cost` (`lv`, `item1`, `num1`, `item2`, `num2`, `item3`, `num3`, `item4`, `num4`, `item5`, `num5`) VALUES (7,520100,320,100000,70000,0,0,0,0,0,0);
INSERT INTO `cfg_prop_cost` (`lv`, `item1`, `num1`, `item2`, `num2`, `item3`, `num3`, `item4`, `num4`, `item5`, `num5`) VALUES (8,520100,480,100000,80000,0,0,0,0,0,0);
INSERT INTO `cfg_prop_cost` (`lv`, `item1`, `num1`, `item2`, `num2`, `item3`, `num3`, `item4`, `num4`, `item5`, `num5`) VALUES (9,520100,640,100000,90000,0,0,0,0,0,0);
INSERT INTO `cfg_prop_cost` (`lv`, `item1`, `num1`, `item2`, `num2`, `item3`, `num3`, `item4`, `num4`, `item5`, `num5`) VALUES (10,520100,960,100000,100000,0,0,0,0,0,0);
INSERT INTO `cfg_prop_cost` (`lv`, `item1`, `num1`, `item2`, `num2`, `item3`, `num3`, `item4`, `num4`, `item5`, `num5`) VALUES (11,520100,1120,100000,110000,0,0,0,0,0,0);
INSERT INTO `cfg_prop_cost` (`lv`, `item1`, `num1`, `item2`, `num2`, `item3`, `num3`, `item4`, `num4`, `item5`, `num5`) VALUES (12,520100,1280,100000,120000,0,0,0,0,0,0);
INSERT INTO `cfg_prop_cost` (`lv`, `item1`, `num1`, `item2`, `num2`, `item3`, `num3`, `item4`, `num4`, `item5`, `num5`) VALUES (13,520100,1500,100000,130000,0,0,0,0,0,0);
INSERT INTO `cfg_prop_cost` (`lv`, `item1`, `num1`, `item2`, `num2`, `item3`, `num3`, `item4`, `num4`, `item5`, `num5`) VALUES (14,520100,1800,100000,140000,0,0,0,0,0,0);
INSERT INTO `cfg_prop_cost` (`lv`, `item1`, `num1`, `item2`, `num2`, `item3`, `num3`, `item4`, `num4`, `item5`, `num5`) VALUES (15,520100,2200,100000,150000,0,0,0,0,0,0);
INSERT INTO `cfg_prop_cost` (`lv`, `item1`, `num1`, `item2`, `num2`, `item3`, `num3`, `item4`, `num4`, `item5`, `num5`) VALUES (16,520100,2500,100000,160000,0,0,0,0,0,0);
INSERT INTO `cfg_prop_cost` (`lv`, `item1`, `num1`, `item2`, `num2`, `item3`, `num3`, `item4`, `num4`, `item5`, `num5`) VALUES (17,520100,2800,100000,170000,0,0,0,0,0,0);
INSERT INTO `cfg_prop_cost` (`lv`, `item1`, `num1`, `item2`, `num2`, `item3`, `num3`, `item4`, `num4`, `item5`, `num5`) VALUES (18,520100,3200,100000,180000,0,0,0,0,0,0);
INSERT INTO `cfg_prop_cost` (`lv`, `item1`, `num1`, `item2`, `num2`, `item3`, `num3`, `item4`, `num4`, `item5`, `num5`) VALUES (19,520100,3500,100000,190000,0,0,0,0,0,0);




INSERT INTO `cfg_starlv_cost` (`id`, `starLv`, `item1`, `num1`, `item2`, `num2`, `item3`, `num3`, `item4`, `num4`, `item5`, `num5`) VALUES (1,1,500100,5,100000,10000,0,0,0,0,0,0);
INSERT INTO `cfg_starlv_cost` (`id`, `starLv`, `item1`, `num1`, `item2`, `num2`, `item3`, `num3`, `item4`, `num4`, `item5`, `num5`) VALUES (2,2,500100,10,100000,50000,0,0,0,0,0,0);
INSERT INTO `cfg_starlv_cost` (`id`, `starLv`, `item1`, `num1`, `item2`, `num2`, `item3`, `num3`, `item4`, `num4`, `item5`, `num5`) VALUES (3,3,500100,20,100000,100000,0,0,0,0,0,0);
INSERT INTO `cfg_starlv_cost` (`id`, `starLv`, `item1`, `num1`, `item2`, `num2`, `item3`, `num3`, `item4`, `num4`, `item5`, `num5`) VALUES (4,4,500100,40,100000,200000,0,0,0,0,0,0);
INSERT INTO `cfg_starlv_cost` (`id`, `starLv`, `item1`, `num1`, `item2`, `num2`, `item3`, `num3`, `item4`, `num4`, `item5`, `num5`) VALUES (5,5,500100,80,100000,500000,0,0,0,0,0,0);
INSERT INTO `cfg_starlv_cost` (`id`, `starLv`, `item1`, `num1`, `item2`, `num2`, `item3`, `num3`, `item4`, `num4`, `item5`, `num5`) VALUES (6,6,500100,160,100000,1000000,0,0,0,0,0,0);
INSERT INTO `cfg_starlv_cost` (`id`, `starLv`, `item1`, `num1`, `item2`, `num2`, `item3`, `num3`, `item4`, `num4`, `item5`, `num5`) VALUES (7,7,500100,320,100000,2000000,0,0,0,0,0,0);
INSERT INTO `cfg_starlv_cost` (`id`, `starLv`, `item1`, `num1`, `item2`, `num2`, `item3`, `num3`, `item4`, `num4`, `item5`, `num5`) VALUES (8,8,500100,640,100000,5000000,0,0,0,0,0,0);
INSERT INTO `cfg_starlv_cost` (`id`, `starLv`, `item1`, `num1`, `item2`, `num2`, `item3`, `num3`, `item4`, `num4`, `item5`, `num5`) VALUES (9,9,500100,1280,100000,10000000,0,0,0,0,0,0);



INSERT INTO `cfg_shop` (`id`, `item_id`, `type`, `price`) VALUES (1,610100,1,100);
INSERT INTO `cfg_shop` (`id`, `item_id`, `type`, `price`) VALUES (2,400000,0,10000);
INSERT INTO `cfg_shop` (`id`, `item_id`, `type`, `price`) VALUES (3,520100,1,10);
INSERT INTO `cfg_shop` (`id`, `item_id`, `type`, `price`) VALUES (4,520101,1,10);
INSERT INTO `cfg_shop` (`id`, `item_id`, `type`, `price`) VALUES (5,520102,1,10);
INSERT INTO `cfg_shop` (`id`, `item_id`, `type`, `price`) VALUES (6,520103,1,10);
INSERT INTO `cfg_shop` (`id`, `item_id`, `type`, `price`) VALUES (7,500100,0,5000);
INSERT INTO `cfg_shop` (`id`, `item_id`, `type`, `price`) VALUES (8,500101,0,5000);
INSERT INTO `cfg_shop` (`id`, `item_id`, `type`, `price`) VALUES (9,500102,0,5000);
INSERT INTO `cfg_shop` (`id`, `item_id`, `type`, `price`) VALUES (10,500103,0,5000);
INSERT INTO `cfg_shop` (`id`, `item_id`, `type`, `price`) VALUES (11,510100,0,10000);
INSERT INTO `cfg_shop` (`id`, `item_id`, `type`, `price`) VALUES (12,510101,0,10000);
INSERT INTO `cfg_shop` (`id`, `item_id`, `type`, `price`) VALUES (13,510102,0,10000);
INSERT INTO `cfg_shop` (`id`, `item_id`, `type`, `price`) VALUES (14,510103,0,10000);



INSERT INTO `cfg_shop_hero_pool` (`id`, `hero_id`, `weight`, `fragment`) VALUES (1,30001,0.02,300);
INSERT INTO `cfg_shop_hero_pool` (`id`, `hero_id`, `weight`, `fragment`) VALUES (2,30002,0.02,300);
INSERT INTO `cfg_shop_hero_pool` (`id`, `hero_id`, `weight`, `fragment`) VALUES (3,30003,0.02,300);
INSERT INTO `cfg_shop_hero_pool` (`id`, `hero_id`, `weight`, `fragment`) VALUES (4,30004,0.02,300);
INSERT INTO `cfg_shop_hero_pool` (`id`, `hero_id`, `weight`, `fragment`) VALUES (5,30005,0.02,300);
INSERT INTO `cfg_shop_hero_pool` (`id`, `hero_id`, `weight`, `fragment`) VALUES (6,30006,0.02,300);
INSERT INTO `cfg_shop_hero_pool` (`id`, `hero_id`, `weight`, `fragment`) VALUES (7,30007,0.02,300);
INSERT INTO `cfg_shop_hero_pool` (`id`, `hero_id`, `weight`, `fragment`) VALUES (8,30008,0.02,300);
INSERT INTO `cfg_shop_hero_pool` (`id`, `hero_id`, `weight`, `fragment`) VALUES (9,30009,0.02,300);
INSERT INTO `cfg_shop_hero_pool` (`id`, `hero_id`, `weight`, `fragment`) VALUES (10,30010,0.02,300);
INSERT INTO `cfg_shop_hero_pool` (`id`, `hero_id`, `weight`, `fragment`) VALUES (11,30011,0.02,300);
INSERT INTO `cfg_shop_hero_pool` (`id`, `hero_id`, `weight`, `fragment`) VALUES (12,30012,0.02,300);
INSERT INTO `cfg_shop_hero_pool` (`id`, `hero_id`, `weight`, `fragment`) VALUES (13,30013,0.02,300);
INSERT INTO `cfg_shop_hero_pool` (`id`, `hero_id`, `weight`, `fragment`) VALUES (14,30014,0.02,300);
INSERT INTO `cfg_shop_hero_pool` (`id`, `hero_id`, `weight`, `fragment`) VALUES (15,30015,0.02,300);
INSERT INTO `cfg_shop_hero_pool` (`id`, `hero_id`, `weight`, `fragment`) VALUES (16,30016,0.02,300);
INSERT INTO `cfg_shop_hero_pool` (`id`, `hero_id`, `weight`, `fragment`) VALUES (17,40001,0.02,500);
INSERT INTO `cfg_shop_hero_pool` (`id`, `hero_id`, `weight`, `fragment`) VALUES (18,40002,0.02,500);
INSERT INTO `cfg_shop_hero_pool` (`id`, `hero_id`, `weight`, `fragment`) VALUES (19,40003,0.02,500);
INSERT INTO `cfg_shop_hero_pool` (`id`, `hero_id`, `weight`, `fragment`) VALUES (20,40004,0.02,500);
INSERT INTO `cfg_shop_hero_pool` (`id`, `hero_id`, `weight`, `fragment`) VALUES (21,40005,0.02,500);
INSERT INTO `cfg_shop_hero_pool` (`id`, `hero_id`, `weight`, `fragment`) VALUES (22,40006,0.02,500);
INSERT INTO `cfg_shop_hero_pool` (`id`, `hero_id`, `weight`, `fragment`) VALUES (23,40007,0.02,500);
INSERT INTO `cfg_shop_hero_pool` (`id`, `hero_id`, `weight`, `fragment`) VALUES (24,40008,0.02,500);
INSERT INTO `cfg_shop_hero_pool` (`id`, `hero_id`, `weight`, `fragment`) VALUES (25,40009,0.02,500);
INSERT INTO `cfg_shop_hero_pool` (`id`, `hero_id`, `weight`, `fragment`) VALUES (26,40010,0.02,500);
INSERT INTO `cfg_shop_hero_pool` (`id`, `hero_id`, `weight`, `fragment`) VALUES (27,40011,0.02,500);
INSERT INTO `cfg_shop_hero_pool` (`id`, `hero_id`, `weight`, `fragment`) VALUES (28,40012,0.02,500);
INSERT INTO `cfg_shop_hero_pool` (`id`, `hero_id`, `weight`, `fragment`) VALUES (29,40013,0.02,500);
INSERT INTO `cfg_shop_hero_pool` (`id`, `hero_id`, `weight`, `fragment`) VALUES (30,40014,0.02,500);
INSERT INTO `cfg_shop_hero_pool` (`id`, `hero_id`, `weight`, `fragment`) VALUES (31,50001,0.02,800);
INSERT INTO `cfg_shop_hero_pool` (`id`, `hero_id`, `weight`, `fragment`) VALUES (32,50002,0.02,800);
INSERT INTO `cfg_shop_hero_pool` (`id`, `hero_id`, `weight`, `fragment`) VALUES (33,50003,0.02,800);
INSERT INTO `cfg_shop_hero_pool` (`id`, `hero_id`, `weight`, `fragment`) VALUES (34,50004,0.02,800);
INSERT INTO `cfg_shop_hero_pool` (`id`, `hero_id`, `weight`, `fragment`) VALUES (35,50005,0.02,800);
INSERT INTO `cfg_shop_hero_pool` (`id`, `hero_id`, `weight`, `fragment`) VALUES (36,50006,0.02,800);
INSERT INTO `cfg_shop_hero_pool` (`id`, `hero_id`, `weight`, `fragment`) VALUES (37,30017,0.02,300);
INSERT INTO `cfg_shop_hero_pool` (`id`, `hero_id`, `weight`, `fragment`) VALUES (38,30018,0.02,300);
INSERT INTO `cfg_shop_hero_pool` (`id`, `hero_id`, `weight`, `fragment`) VALUES (39,30019,0.02,300);
INSERT INTO `cfg_shop_hero_pool` (`id`, `hero_id`, `weight`, `fragment`) VALUES (40,30020,0.02,300);
INSERT INTO `cfg_shop_hero_pool` (`id`, `hero_id`, `weight`, `fragment`) VALUES (41,30021,0.02,300);
INSERT INTO `cfg_shop_hero_pool` (`id`, `hero_id`, `weight`, `fragment`) VALUES (42,30022,0.02,300);
INSERT INTO `cfg_shop_hero_pool` (`id`, `hero_id`, `weight`, `fragment`) VALUES (43,30023,0.02,300);
INSERT INTO `cfg_shop_hero_pool` (`id`, `hero_id`, `weight`, `fragment`) VALUES (44,30024,0.02,300);
INSERT INTO `cfg_shop_hero_pool` (`id`, `hero_id`, `weight`, `fragment`) VALUES (45,30025,0.02,300);
INSERT INTO `cfg_shop_hero_pool` (`id`, `hero_id`, `weight`, `fragment`) VALUES (46,30026,0.02,300);
INSERT INTO `cfg_shop_hero_pool` (`id`, `hero_id`, `weight`, `fragment`) VALUES (47,30027,0.02,300);
INSERT INTO `cfg_shop_hero_pool` (`id`, `hero_id`, `weight`, `fragment`) VALUES (48,30028,0.02,300);
INSERT INTO `cfg_shop_hero_pool` (`id`, `hero_id`, `weight`, `fragment`) VALUES (49,30029,0.02,300);
INSERT INTO `cfg_shop_hero_pool` (`id`, `hero_id`, `weight`, `fragment`) VALUES (50,30030,0.02,300);



INSERT INTO `cfg_skill_cost` (`lv`, `item1`, `num1`, `item2`, `num2`, `item3`, `num3`, `item4`, `num4`, `item5`, `num5`, `heros`) VALUES (1,100000,10000,0,0,0,0,0,0,0,0,'[{"heroId":10009,"num":5}]');
INSERT INTO `cfg_skill_cost` (`lv`, `item1`, `num1`, `item2`, `num2`, `item3`, `num3`, `item4`, `num4`, `item5`, `num5`, `heros`) VALUES (2,100000,20000,0,0,0,0,0,0,0,0,'[{"heroId":10009,"num":10}]');
INSERT INTO `cfg_skill_cost` (`lv`, `item1`, `num1`, `item2`, `num2`, `item3`, `num3`, `item4`, `num4`, `item5`, `num5`, `heros`) VALUES (3,100000,30000,0,0,0,0,0,0,0,0,'[{"heroId":10009,"num":15}]');
INSERT INTO `cfg_skill_cost` (`lv`, `item1`, `num1`, `item2`, `num2`, `item3`, `num3`, `item4`, `num4`, `item5`, `num5`, `heros`) VALUES (4,100000,40000,0,0,0,0,0,0,0,0,'[{"heroId":10009,"num":20}]');
INSERT INTO `cfg_skill_cost` (`lv`, `item1`, `num1`, `item2`, `num2`, `item3`, `num3`, `item4`, `num4`, `item5`, `num5`, `heros`) VALUES (5,100000,50000,0,0,0,0,0,0,0,0,'[{"heroId":10009,"num":25}]');
INSERT INTO `cfg_skill_cost` (`lv`, `item1`, `num1`, `item2`, `num2`, `item3`, `num3`, `item4`, `num4`, `item5`, `num5`, `heros`) VALUES (6,100000,60000,0,0,0,0,0,0,0,0,'[{"heroId":10009,"num":30}]');
INSERT INTO `cfg_skill_cost` (`lv`, `item1`, `num1`, `item2`, `num2`, `item3`, `num3`, `item4`, `num4`, `item5`, `num5`, `heros`) VALUES (7,100000,70000,0,0,0,0,0,0,0,0,'[{"heroId":10009,"num":35}]');
INSERT INTO `cfg_skill_cost` (`lv`, `item1`, `num1`, `item2`, `num2`, `item3`, `num3`, `item4`, `num4`, `item5`, `num5`, `heros`) VALUES (8,100000,80000,0,0,0,0,0,0,0,0,'[{"heroId":10009,"num":40}]');
INSERT INTO `cfg_skill_cost` (`lv`, `item1`, `num1`, `item2`, `num2`, `item3`, `num3`, `item4`, `num4`, `item5`, `num5`, `heros`) VALUES (9,100000,90000,0,0,0,0,0,0,0,0,'[{"heroId":10009,"num":45}]');



INSERT INTO `cfg_skill_state` (`id`, `name`, `type`, `weight`) VALUES (10100, '禁言', 101, 0);
INSERT INTO `cfg_skill_state` (`id`, `name`, `type`, `weight`) VALUES (10200, '束缚', 102, 1);
INSERT INTO `cfg_skill_state` (`id`, `name`, `type`, `weight`) VALUES (20100, '缓冲盾', 201, 0);
INSERT INTO `cfg_skill_state` (`id`, `name`, `type`, `weight`) VALUES (20200, '免疫', 202, 1);
INSERT INTO `cfg_skill_state` (`id`, `name`, `type`, `weight`) VALUES (30100, '吸血', 301, 0);
INSERT INTO `cfg_skill_state` (`id`, `name`, `type`, `weight`) VALUES (40100, '复活', 401, 0);
INSERT INTO `cfg_skill_state` (`id`, `name`, `type`, `weight`) VALUES (40200, '复原', 402, 1);



